User_ID,Restaurant_ID,Rating
1,912,3
1,204,4
1,6074,5
1,2253,1
1,2006,5
1,1828,4
1,1143,3
1,6033,3
1,839,5
1,5543,3
1,6067,2
1,4467,2
1,712,5
1,4837,4
1,3456,5
1,260,5
1,244,4
1,767,5
1,1791,4
1,1905,4
1,4139,5
1,4931,4
1,217,5
1,4597,4
1,1628,5
1,5865,1
1,5323,3
1,5745,3
1,4464,2
1,3436,3
2,3113,5
2,2277,4
2,3714,4
2,5207,3
2,6833,5
2,2988,3
2,1332,4
2,3032,5
2,2910,4
2,1716,4
2,5490,4
2,2187,5
2,5749,5
3,6732,2
3,262,2
3,6594,5
3,2584,4
3,3286,5
3,2193,4
3,542,4
3,1728,4
3,4646,5
3,5881,2
3,2577,4
3,1741,5
3,5369,5
3,4089,3
3,3241,3
3,5266,4
3,3758,4
4,3126,4
4,4881,5
4,3834,5
4,4334,3
4,2059,4
4,4532,3
4,7051,5
4,94,5
4,5572,3
4,5904,4
4,938,4
4,5584,3
4,4398,5
4,6151,4
4,2185,5
4,6296,4
4,5250,1
4,2786,3
4,913,1
4,2404,5
4,3561,5
4,1295,5
5,1961,3
5,474,5
5,1973,4
5,4647,3
5,645,4
5,701,5
5,5995,3
5,3981,3
5,6684,5
5,566,4
5,6230,4
5,4363,4
5,6273,2
5,1030,3
5,1051,3
5,5404,4
5,3893,3
5,4503,3
5,1352,2
6,482,4
6,1875,4
6,552,5
6,257,4
6,7042,5
6,2706,2
6,580,4
6,4211,3
6,1949,5
6,2281,3
6,5480,3
6,3976,4
6,1755,4
6,4417,3
6,1083,3
6,5925,5
6,4677,4
6,4720,5
6,3872,4
6,1990,2
6,6427,5
6,3874,5
6,6615,5
6,3334,5
6,1559,5
6,772,3
6,794,4
6,5398,3
6,3531,4
6,2902,2
7,17,4
7,3198,5
7,2172,2
7,6423,4
7,6431,4
7,3727,5
7,2336,3
7,3465,5
7,5706,2
7,5984,3
7,6417,4
7,4552,4
7,5422,3
7,5885,2
7,3986,5
7,1268,3
7,1555,4
7,2430,4
7,1783,4
7,479,4
7,4744,4
7,6027,5
8,5486,4
8,5867,4
8,2573,2
8,1955,4
8,2175,4
8,3242,2
8,1072,3
8,5502,2
8,5287,3
8,2457,3
8,3745,4
8,2590,4
8,6159,3
8,594,5
8,76,5
8,3754,4
9,2452,4
9,5434,5
9,848,1
9,1100,3
9,2166,2
9,945,5
9,876,3
9,6081,4
9,4532,5
9,1273,4
9,2231,2
9,2308,5
9,4954,4
9,1725,2
9,5878,1
9,2808,4
9,1667,4
9,5631,4
9,5195,1
9,6987,4
9,2162,5
9,4140,5
9,4002,1
9,2057,4
9,6931,4
9,416,4
9,756,4
10,3329,4
10,5084,1
10,6139,4
10,1266,3
10,1939,5
10,7082,3
10,1331,5
10,6552,5
10,6641,3
10,1450,4
10,3377,4
10,203,3
10,1469,2
10,6033,5
10,2721,4
10,6409,4
10,3372,4
10,6571,5
10,5487,3
10,7078,1
10,6021,5
10,2032,3
10,2185,4
10,1304,5
10,6450,1
10,5744,4
10,885,3
11,3574,3
11,4966,4
11,4189,5
11,947,5
11,3155,4
11,4723,4
11,1557,2
11,2086,5
11,363,4
11,5806,4
11,3572,3
11,13,4
11,4259,4
11,6606,3
11,4410,4
11,5626,4
11,5893,5
11,6078,3
11,6037,4
11,5493,4
12,2489,4
12,2350,4
12,1721,4
12,3521,5
12,6436,5
12,4751,5
12,4969,4
12,5363,3
12,2639,4
12,3809,4
13,6704,5
13,6153,4
13,1924,5
13,5511,4
13,2542,5
13,1840,4
13,6607,5
13,1631,4
13,1207,4
13,200,2
13,378,4
13,2005,5
14,6376,4
14,3482,5
14,1792,4
14,1440,5
14,6587,4
14,5700,5
14,4243,5
14,3805,4
14,411,5
14,4566,4
14,2041,5
14,6949,4
14,994,5
15,3686,3
15,2123,4
15,6158,3
15,2025,3
15,6880,4
15,5223,3
15,2271,4
15,6273,2
15,6370,5
15,4270,4
15,3969,5
15,5134,5
15,1959,1
15,2249,5
15,3603,4
15,634,4
15,5845,5
15,2340,3
15,1920,4
15,2225,5
15,2751,5
15,2619,4
15,4424,5
15,660,5
15,1133,5
16,1797,4
16,2235,2
16,3570,4
16,3978,2
16,237,4
16,3185,3
16,2753,3
16,5479,5
16,5563,4
16,6538,5
16,3312,5
16,5932,3
16,1352,2
16,6885,1
16,3828,4
16,1045,5
16,5097,3
16,4375,4
16,220,5
16,3227,4
16,4848,5
16,4623,5
16,5431,3
16,222,1
16,687,3
17,3879,5
17,5484,5
17,937,3
17,4620,3
17,1785,4
17,3809,5
17,5730,4
17,2099,5
17,6282,4
17,3021,5
17,1374,3
17,4963,4
17,4974,5
17,6127,3
18,6965,5
18,5605,5
18,4918,2
18,6598,5
18,991,4
18,6522,5
18,4636,5
18,6411,4
18,336,5
18,2844,5
18,4364,3
18,3509,5
18,5419,4
18,3035,4
18,564,4
18,4144,5
18,5304,3
18,2795,5
18,103,5
19,2284,5
19,3692,3
19,1997,3
19,6147,5
19,3806,3
19,4668,5
19,4999,5
19,5473,3
19,3104,1
19,2755,5
19,235,2
19,4049,5
20,4548,4
20,6210,5
20,1968,3
20,5657,5
20,3900,3
20,5291,3
20,5831,2
20,4020,3
20,3671,2
20,6495,4
20,141,5
20,762,3
20,2410,3
20,1815,4
20,3312,5
20,5667,5
20,1993,4
20,2508,3
20,5439,2
20,4764,3
20,3023,3
20,3876,3
20,4534,1
20,4349,4
20,2816,3
21,4533,4
21,2393,4
21,5713,3
21,1034,2
21,5225,5
21,6166,4
21,4021,5
21,840,4
21,100,2
21,4702,4
21,2329,2
22,6644,5
22,4610,4
22,2489,5
22,697,3
22,2033,4
22,970,4
22,4571,4
22,6262,2
22,3409,5
22,4966,2
22,4883,5
22,6477,4
22,5066,3
22,1848,2
23,1423,5
23,4521,2
23,614,3
23,1282,3
23,21,5
23,3346,4
23,3690,5
23,5647,3
23,4864,2
23,3849,3
23,2385,2
23,267,3
23,1896,2
23,2360,2
23,5791,5
23,2316,4
23,5758,5
24,3597,3
24,1018,2
24,3839,5
24,5641,5
24,2491,4
24,5732,5
24,3297,5
24,2230,4
24,4099,3
24,4423,1
24,4045,5
24,3586,4
24,658,4
24,4899,5
24,326,3
24,3539,4
24,6017,4
24,2640,4
24,4945,2
25,3345,3
25,2730,2
25,2630,5
25,5489,5
25,856,5
25,7026,1
25,1317,5
25,2701,4
25,3372,2
25,5682,4
25,4058,4
25,2361,4
25,5427,4
25,3280,2
25,6664,3
25,6230,2
25,4506,3
25,300,5
25,3725,4
25,721,1
25,2576,4
26,5814,5
26,1297,3
26,2545,5
26,4512,4
26,112,4
26,4524,4
26,3342,4
26,763,2
26,1840,3
26,6892,4
26,929,5
26,3780,2
26,962,2
26,5306,5
26,6816,5
26,1261,3
26,4082,5
27,6721,5
27,21,4
27,2317,5
27,5947,5
27,2445,5
27,6860,3
27,4808,4
27,4750,5
27,5406,4
27,4011,3
27,7088,4
27,1217,5
27,3658,4
27,4412,5
27,3967,5
27,2827,4
27,2723,3
27,4521,5
28,4114,5
28,4834,2
28,2719,5
28,822,3
28,6922,4
28,3606,4
28,816,2
28,4308,3
28,3743,4
28,125,4
28,5918,5
28,1180,4
28,3358,5
28,5363,4
29,294,4
29,5058,2
29,560,4
29,1923,4
29,5170,5
29,5606,3
29,2354,2
29,1863,5
29,6117,4
29,740,3
29,3555,5
29,806,2
29,6228,4
29,5191,3
29,5766,3
29,823,1
29,3634,5
29,1362,5
29,5685,4
29,2453,3
29,237,4
29,376,3
29,2657,4
29,6522,4
29,459,4
29,2403,3
29,2936,5
30,3151,3
30,6990,4
30,3958,4
30,873,5
30,1943,1
30,3124,4
30,4685,4
30,2940,5
30,4708,3
30,2423,5
30,5728,4
30,2418,4
30,179,4
30,6799,4
30,5392,4
30,3242,5
31,5146,5
31,795,3
31,5140,4
31,5294,3
31,322,5
31,2530,5
31,6460,4
31,3611,4
31,273,3
31,4747,3
31,2988,5
31,5999,5
31,1076,5
31,738,3
32,6588,3
32,943,2
32,3836,4
32,616,5
32,1153,3
32,6178,4
32,1848,4
32,7046,4
32,5540,4
32,5932,4
32,5524,4
32,3255,5
32,6928,3
32,6591,4
32,4565,4
32,2996,4
32,739,4
32,6477,5
32,3232,4
32,114,2
33,304,4
33,2493,5
33,4035,5
33,951,4
33,796,5
33,1923,3
33,4403,4
33,1111,2
33,3183,4
33,3716,4
33,3039,5
34,5654,4
34,3035,5
34,1779,4
34,3632,4
34,3642,3
34,1934,2
34,7007,5
34,2971,4
34,813,4
34,5617,4
34,3009,4
35,414,5
35,6445,3
35,2732,3
35,1995,5
35,1031,3
35,6446,2
35,4625,5
35,1681,1
35,562,5
35,6797,2
36,4425,4
36,2053,1
36,6541,3
36,1429,2
36,900,4
36,5415,2
36,7097,2
36,211,4
36,1079,4
36,121,4
36,2934,4
36,6471,3
36,6458,4
36,1949,5
37,2470,5
37,3752,4
37,5270,4
37,255,3
37,498,4
37,3923,4
37,6941,5
37,3290,2
37,3492,4
37,5620,5
37,884,4
37,4016,5
37,5835,4
37,3633,5
37,602,4
37,661,5
37,2638,4
37,4983,5
37,1215,3
37,538,3
37,1033,3
37,2252,5
37,5114,4
37,5186,4
37,4795,2
37,4492,2
38,791,3
38,6099,2
38,6052,4
38,3052,3
38,6650,4
38,1065,5
38,4557,4
38,491,4
38,4804,2
38,4600,3
38,4601,3
38,2700,4
38,5488,4
38,1001,5
38,3365,4
38,2896,4
38,5450,4
38,6146,4
38,3464,4
38,5906,4
38,421,1
38,2356,3
38,4918,5
39,2875,3
39,50,3
39,1486,3
39,1173,5
39,4639,4
39,5384,5
39,3283,3
39,570,5
39,1162,1
39,6070,2
39,5186,4
39,251,4
39,751,4
39,6112,4
39,4345,3
39,1762,4
39,3081,3
39,3439,2
39,3716,4
39,2792,4
40,5465,5
40,2526,4
40,372,5
40,1806,5
40,3237,2
40,4909,5
40,448,1
40,62,1
40,1674,5
40,2469,5
40,1730,4
40,6286,4
40,1124,5
40,6260,4
40,2093,2
40,2371,1
40,2687,3
40,982,5
40,63,4
40,4074,5
40,6119,5
40,3527,2
40,1439,5
40,1058,3
40,3114,4
40,4362,4
41,2541,3
41,6109,2
41,2781,3
41,1815,4
41,2728,5
41,6382,4
41,1377,3
41,625,5
41,4181,4
41,5187,5
41,934,5
41,4346,4
41,4177,5
41,1588,4
41,6358,4
41,2862,4
41,2876,5
41,5958,4
41,6708,3
41,5287,2
41,6676,4
41,1209,3
42,4844,4
42,460,4
42,2883,4
42,4156,4
42,607,5
42,2542,5
42,3782,4
42,3702,5
42,308,4
42,466,3
42,3020,4
42,6813,3
42,2351,2
42,628,2
42,5281,5
42,7079,3
42,7006,5
42,739,4
43,320,3
43,2029,4
43,5796,5
43,3586,4
43,3599,2
43,4293,2
43,4282,4
43,4995,3
43,1300,5
43,2981,4
43,3054,5
43,2317,5
43,3173,3
43,3348,4
43,6344,2
44,2541,5
44,5374,5
44,5721,2
44,5424,4
44,3210,4
44,1056,1
44,4874,3
44,5806,5
44,694,3
44,2536,5
44,4578,3
44,3085,5
44,5271,3
44,6485,3
44,2690,5
44,6661,4
44,1046,4
44,5489,5
44,5757,4
44,6790,4
44,6052,5
45,1073,3
45,4892,5
45,3086,5
45,1263,5
45,1329,3
45,1481,4
45,6810,4
45,5675,4
45,6316,5
45,5117,5
45,6627,4
45,1356,4
45,5907,3
45,3585,3
45,357,4
45,3365,5
45,2984,2
45,5540,4
45,5894,4
45,1945,5
45,3638,5
45,5001,4
45,2334,2
45,6163,2
45,6132,3
45,6420,4
45,3677,4
45,1916,5
45,4374,2
46,6690,5
46,3695,4
46,2863,5
46,218,2
46,3398,3
46,436,5
46,3247,4
46,4112,2
46,3063,5
46,1931,4
46,3163,1
46,668,2
46,3071,3
46,1839,5
46,230,4
46,2610,5
46,811,4
47,6358,2
47,2360,5
47,1946,4
47,2467,1
47,998,4
47,391,3
47,1953,2
47,3439,4
47,5234,4
47,6503,3
47,5102,4
47,3744,4
47,514,2
48,554,3
48,4309,4
48,4457,2
48,4156,4
48,6442,5
48,4158,2
48,4539,4
48,166,3
48,3198,4
48,3851,5
48,356,4
48,5207,5
48,3169,4
48,3058,3
48,2077,2
48,6122,5
48,133,5
48,2925,1
48,6459,3
48,553,5
48,2824,5
49,2540,2
49,4222,4
49,3262,5
49,6679,5
49,4448,5
49,3878,4
49,2075,5
49,299,4
49,6170,4
49,5299,5
49,1565,4
49,2343,5
49,2924,5
49,7062,2
49,6396,4
49,391,5
49,7092,4
49,5371,3
49,2719,2
49,2238,4
50,3652,4
50,4936,4
50,5879,4
50,3490,5
50,1365,3
50,5650,1
50,3636,5
50,2879,4
50,3662,4
50,346,2
50,5954,3
50,2888,4
50,5036,4
50,3563,5
50,2249,1
50,5238,3
50,6483,4
50,469,4
50,614,4
51,4701,3
51,1127,4
51,4337,5
51,3006,2
51,3260,5
51,2575,5
51,5321,3
51,2283,4
51,2044,4
51,929,5
51,212,3
51,6026,2
52,3703,2
52,1414,4
52,5843,5
52,3646,5
52,719,5
52,6639,5
52,5586,4
52,6926,5
52,2618,4
52,5470,2
52,2846,3
52,5812,2
53,215,5
53,2956,4
53,4538,4
53,4688,4
53,3022,3
53,3828,5
53,6583,5
53,4519,4
53,1063,3
53,5013,5
53,706,4
53,538,5
53,2533,2
53,3261,2
53,5873,3
53,5888,3
53,3921,3
53,4306,5
53,3365,3
53,6300,5
53,3354,5
53,6744,5
53,4709,3
53,604,4
53,1026,4
54,5120,5
54,2480,4
54,5033,5
54,4370,4
54,765,5
54,4117,1
54,5250,1
54,1381,4
54,4848,4
54,4756,4
54,1263,5
54,1402,4
54,5396,4
54,5115,4
55,4469,3
55,2372,4
55,5258,5
55,2474,4
55,3956,2
55,2006,3
55,6592,2
55,6613,4
55,5611,2
55,3326,2
55,2436,5
55,3715,5
55,597,4
55,5641,5
55,490,5
55,1294,5
55,3601,5
55,3404,5
55,3966,3
55,3804,3
55,1671,5
55,2786,4
55,4969,5
55,1176,4
55,2560,2
55,7057,4
55,5884,4
55,2615,3
55,6014,4
55,7051,1
56,4054,1
56,4894,2
56,6904,4
56,5359,4
56,5509,3
56,3855,4
56,2340,4
56,4396,4
56,66,5
56,6940,4
56,880,4
56,3530,2
56,1097,2
56,2166,4
56,5959,5
56,2996,4
56,6257,4
56,3303,2
56,2997,4
57,4096,5
57,329,4
57,371,4
57,318,4
57,1122,4
57,5845,4
57,2728,4
57,6586,1
57,3880,3
57,4254,2
57,3743,4
57,1220,3
57,4966,5
57,4223,5
57,1145,4
57,2686,4
57,5022,3
57,2609,4
57,1331,5
57,3219,4
57,5050,3
57,6056,2
58,1396,4
58,4294,5
58,5152,5
58,5907,5
58,5076,5
58,6345,2
58,6890,2
58,3114,3
58,1210,3
58,6731,4
58,5576,4
58,1984,3
58,258,3
58,4690,5
58,5738,3
58,900,4
58,1562,5
58,155,5
58,3612,4
58,2569,4
58,3430,4
58,1240,3
58,3382,3
58,5656,4
58,1670,3
59,6317,4
59,2367,5
59,5774,5
59,1698,5
59,5654,5
59,5775,3
59,4005,3
59,2597,5
59,3930,3
59,2857,4
59,4591,3
59,6515,4
59,5911,3
59,2240,4
59,2357,5
59,998,4
59,4697,2
59,5542,4
59,4449,4
60,415,5
60,5487,5
60,4350,3
60,1848,4
60,5226,5
60,1907,4
60,430,4
60,820,5
60,3385,3
60,2705,3
60,5876,2
60,3869,5
60,823,4
60,5580,3
60,6314,5
60,1126,5
60,42,1
61,3423,4
61,6861,5
61,1440,3
61,297,4
61,6850,4
61,3252,4
61,6454,5
61,4058,2
61,1526,4
61,6135,3
61,2371,5
61,306,3
61,75,5
61,2444,4
61,4652,5
62,6034,5
62,2761,5
62,6477,5
62,2416,4
62,4651,2
62,5524,4
62,6203,3
62,1582,2
62,1437,3
62,5004,3
63,3142,2
63,1929,3
63,3659,4
63,6174,4
63,2187,5
63,2700,5
63,2473,3
63,4771,2
63,5921,5
63,4693,3
63,93,4
63,2142,3
63,5354,2
63,2945,3
63,5675,5
63,1935,4
63,508,4
63,5470,4
64,6204,3
64,4403,4
64,6569,3
64,5440,5
64,6763,4
64,1789,4
64,6241,5
64,2027,4
64,5573,5
64,6182,4
64,4880,2
64,6450,2
64,670,4
64,4304,4
64,3659,4
64,4326,4
64,5765,3
64,2963,1
64,639,3
64,4621,1
64,919,3
64,505,2
64,6789,4
64,4486,5
64,4140,4
65,565,4
65,3867,4
65,259,5
65,2351,4
65,3349,5
65,1474,5
65,6299,4
65,1109,4
65,6273,4
65,5255,4
65,5974,4
66,971,3
66,1462,4
66,4401,3
66,3219,3
66,4332,5
66,1043,5
66,5962,1
66,1824,4
66,6838,4
66,28,5
66,6194,5
66,186,3
66,2444,2
66,3792,4
66,5517,4
66,5890,4
66,4460,5
66,3474,3
66,4357,1
66,3107,4
66,6744,4
67,1147,4
67,4127,3
67,2369,3
67,1918,2
67,6682,4
67,5992,3
67,4719,3
67,2612,2
67,4730,5
67,4898,5
67,6328,5
68,5560,4
68,3499,2
68,4553,4
68,4060,4
68,384,4
68,2821,4
68,5270,3
68,5499,3
68,3122,2
68,6437,4
68,4296,4
68,2611,4
68,5704,5
68,3410,2
68,3344,4
68,1222,4
68,2456,1
68,3083,2
68,1506,5
68,6180,4
68,4406,4
68,3879,3
68,1974,3
68,6957,5
68,1846,3
68,2463,5
68,7024,3
68,5796,3
68,1182,5
68,6600,5
69,1987,4
69,5698,5
69,4951,5
69,5765,4
69,1675,4
69,3249,4
69,1960,3
69,4522,2
69,2634,3
69,6353,5
69,2318,4
69,3118,4
69,3819,3
69,4371,3
69,5314,4
69,2943,5
69,2526,4
69,2142,4
69,2946,4
69,4200,3
69,4073,5
69,3817,5
69,807,4
69,6576,4
69,5918,3
70,1386,5
70,1146,3
70,5900,5
70,4477,1
70,4000,4
70,1507,4
70,4441,4
70,5257,4
70,481,4
70,4292,4
70,277,4
70,6873,1
70,6936,4
70,608,1
70,6701,4
70,5474,3
70,397,5
70,6261,1
70,52,5
70,3378,4
70,1126,5
71,876,4
71,789,4
71,4295,4
71,1219,5
71,1974,3
71,1572,4
71,5077,5
71,4312,4
71,2067,5
71,6678,5
71,2903,2
71,2189,4
71,6512,4
71,3251,2
71,647,1
72,677,5
72,4094,4
72,6924,1
72,3554,2
72,5283,5
72,6425,5
72,2713,4
72,4635,1
72,7028,5
72,781,3
72,4326,5
72,348,4
72,1882,5
72,1731,5
72,5671,4
73,2451,5
73,1330,2
73,4619,5
73,1969,5
73,4642,4
73,6837,5
73,6958,2
73,3187,4
73,5546,5
73,4428,3
73,2717,5
73,3144,5
74,6336,5
74,2673,5
74,242,2
74,5194,3
74,2239,5
74,6418,4
74,3690,5
74,4019,3
74,1868,2
74,2914,1
74,4530,3
74,3075,4
74,3537,3
74,1521,2
74,5568,3
74,4799,4
74,5412,4
74,3113,4
74,702,1
74,6325,4
74,5067,2
74,2419,4
75,7075,3
75,3155,2
75,101,3
75,2390,3
75,3389,3
75,3176,5
75,6382,4
75,693,5
75,5937,5
75,4583,4
75,1988,4
75,4685,4
75,4268,2
75,1389,1
75,5614,4
75,3118,5
75,1388,4
75,1137,5
75,2202,4
75,2466,4
76,4869,4
76,1115,4
76,2461,4
76,2626,4
76,4941,5
76,5695,4
76,1645,5
76,3924,4
76,2573,3
76,1455,4
76,3262,5
76,2614,5
76,2387,4
76,6020,4
76,5693,4
76,5184,3
76,4022,4
76,4717,5
76,6405,5
76,1985,2
76,2669,5
76,3080,4
76,2296,4
76,6688,4
76,6437,5
76,3218,4
76,2990,4
76,932,5
76,4619,4
76,1636,5
77,4864,4
77,5227,4
77,696,4
77,895,4
77,6299,4
77,2033,4
77,5387,5
77,5445,4
77,2908,4
77,1362,3
77,5300,1
77,5019,2
77,362,4
77,4613,5
77,5284,2
77,5549,5
77,5298,2
77,3273,3
77,6165,4
77,2716,3
77,6522,4
77,3526,4
77,867,4
77,86,4
77,807,3
77,2119,3
77,1818,5
78,185,3
78,6956,4
78,2810,5
78,5308,3
78,895,4
78,5547,3
78,6554,4
78,1346,4
78,6066,1
78,1998,4
78,4227,3
78,1429,4
78,4521,4
79,1685,2
79,2280,4
79,6163,4
79,5765,5
79,6625,3
79,6520,4
79,512,4
79,4729,2
79,833,4
79,6549,4
79,4398,3
79,1531,4
79,2996,5
79,2670,5
79,1614,4
79,3748,4
80,965,4
80,1954,4
80,2501,5
80,958,4
80,1499,4
80,3058,2
80,5680,3
80,1158,4
80,4184,2
80,3182,4
80,3426,1
80,4885,2
80,1129,5
80,4708,5
80,3143,4
80,3465,4
80,1521,4
80,3986,4
80,5206,5
80,4402,4
81,4631,5
81,252,4
81,6519,5
81,6234,4
81,1806,4
81,2392,4
81,267,3
81,2251,4
81,1841,5
81,4404,4
81,2364,5
81,1377,5
82,4475,5
82,1790,4
82,3482,4
82,838,5
82,6029,4
82,6799,3
82,5354,2
82,6155,3
82,2027,3
82,2438,2
82,264,4
82,3684,3
82,2152,4
82,2855,3
82,7063,5
82,6690,3
82,712,3
82,3596,5
82,7088,5
82,961,4
82,6353,2
82,6650,5
82,1941,5
82,1719,5
83,7102,4
83,5373,3
83,1039,4
83,5746,4
83,7094,4
83,1087,5
83,2045,2
83,1198,4
83,5827,3
83,2638,5
83,6786,4
83,2027,5
83,6237,3
83,6910,1
83,5539,5
83,3217,5
83,4009,5
83,1164,4
84,6964,5
84,518,5
84,6518,5
84,4378,1
84,3258,4
84,1784,5
84,3519,1
84,6757,5
84,1735,3
84,4052,4
84,2199,5
84,2644,4
84,6785,5
84,2323,5
84,2766,5
84,4483,3
84,4734,5
84,1069,5
84,4637,2
84,6983,4
84,3975,2
85,1355,5
85,424,4
85,3246,2
85,5124,2
85,2502,4
85,5947,5
85,5729,2
85,6186,3
85,1918,5
85,3516,2
85,5369,5
85,747,5
85,5764,2
85,779,5
85,8,2
85,1748,4
85,3906,1
85,638,4
85,1087,4
85,4863,5
85,1852,4
85,4255,3
85,5570,4
85,3645,4
85,76,5
85,66,2
85,5698,2
85,2814,5
85,6693,4
85,987,4
86,2576,4
86,6480,3
86,1145,4
86,2029,4
86,2268,5
86,5280,5
86,690,3
86,2032,4
86,4533,3
86,4923,4
86,4915,2
86,5907,5
86,4977,1
86,2334,4
86,6381,3
86,5656,4
86,219,5
86,6945,4
86,6939,4
86,5393,3
86,2471,4
86,1683,5
86,4241,2
87,553,4
87,112,3
87,2147,5
87,1767,4
87,326,4
87,495,4
87,6465,5
87,3260,4
87,4150,2
87,2346,4
87,5149,5
87,5837,5
87,4104,2
87,6284,2
87,3403,4
87,3469,4
87,5749,4
87,3295,3
87,675,5
87,5247,5
87,4395,2
87,4404,5
87,5046,5
87,1250,3
87,2273,5
87,684,4
87,2538,5
87,647,5
88,3046,3
88,1039,5
88,6142,4
88,6398,4
88,2201,4
88,6004,2
88,967,5
88,6319,3
88,240,3
88,2744,5
88,6611,5
88,3517,4
88,2228,2
88,4291,5
88,523,1
89,2003,5
89,376,5
89,3864,4
89,2981,3
89,3137,3
89,1229,5
89,1466,3
89,7024,5
89,289,4
89,4529,2
90,1469,5
90,1828,3
90,6589,4
90,4225,1
90,376,3
90,3284,4
90,564,3
90,3810,4
90,7094,4
90,2312,4
90,6336,4
91,6000,5
91,4477,1
91,6229,4
91,6520,5
91,2008,5
91,1233,2
91,52,4
91,3359,3
91,195,4
91,1908,2
91,4436,5
91,2837,5
91,5209,2
91,6877,5
91,5680,5
91,78,4
92,3755,3
92,6126,5
92,695,5
92,4757,5
92,782,3
92,4140,3
92,1093,2
92,5220,3
92,6717,5
92,3230,4
92,613,3
92,4848,3
92,4651,4
92,510,4
92,3563,4
92,5426,5
92,1070,3
92,1939,3
92,2389,3
92,2138,2
92,6970,3
93,6769,3
93,5772,5
93,5708,1
93,4942,4
93,330,4
93,1761,5
93,6847,3
93,7017,4
93,2685,5
93,1215,2
93,747,1
93,5825,5
93,2033,5
93,2914,2
93,3246,5
93,4206,4
93,401,4
93,5547,4
93,2448,4
94,6658,3
94,614,4
94,178,5
94,528,4
94,1619,1
94,5291,4
94,3632,3
94,6629,3
94,1055,3
94,753,3
94,6940,5
94,6794,1
94,6626,4
94,2716,3
94,1003,3
94,349,4
94,3776,4
94,414,2
95,3137,4
95,1124,4
95,3434,5
95,1633,4
95,5264,4
95,6530,3
95,4307,3
95,2041,3
95,5167,5
95,6571,5
95,4453,2
95,6511,5
95,159,4
95,3133,5
95,6405,5
95,5843,5
95,2941,2
95,3929,4
96,4371,3
96,6687,5
96,6481,4
96,6037,4
96,458,5
96,6259,4
96,1797,4
96,4716,2
96,6934,5
96,6532,5
96,3181,5
96,2906,5
96,6874,4
96,6924,3
96,1423,1
96,1442,2
96,1937,4
96,4853,1
97,5,4
97,2717,5
97,5030,4
97,1650,2
97,6606,3
97,1068,2
97,2791,3
97,5873,5
97,1453,5
97,6573,5
97,6916,4
97,2650,3
97,487,5
97,179,4
97,1210,5
97,4805,5
97,5772,3
97,1160,4
97,6343,3
97,908,3
97,6934,4
97,4311,2
97,7050,5
97,2989,5
97,594,5
98,6969,4
98,6314,5
98,4648,5
98,265,4
98,1491,5
98,4934,3
98,2606,1
98,6625,3
98,5008,4
98,1809,4
98,5239,5
98,4632,5
98,852,1
98,4064,4
98,1152,4
98,2712,3
98,6105,4
98,637,5
98,1949,4
98,2841,4
98,2617,5
98,1375,5
99,5332,5
99,6211,4
99,5629,4
99,1847,4
99,1332,4
99,3696,2
99,603,3
99,6547,5
99,6928,4
99,273,4
99,2415,5
99,164,4
99,2610,4
99,2139,3
99,857,2
99,607,4
99,2800,4
99,1393,4
99,3075,2
99,1318,1
99,5996,2
99,614,5
99,4481,4
99,762,4
99,2768,2
99,4866,3
99,5026,4
99,3954,5
100,6912,5
100,946,4
100,2526,3
100,6429,4
100,3256,2
100,3857,4
100,4006,5
100,5415,4
100,2170,5
100,746,3
100,5258,2
100,4457,4
100,3174,4
100,1514,5
100,3039,4
100,3124,5
100,3026,4
100,1528,3
100,3651,3
100,365,4
100,2156,5
100,3602,1
100,3809,4
100,2157,4
100,1853,4
101,1207,4
101,985,3
101,6202,3
101,3678,4
101,1416,5
101,1369,5
101,1735,4
101,6622,4
101,1578,4
101,1033,4
101,349,2
101,3468,4
101,641,5
101,5596,5
101,3566,5
101,1654,4
101,6738,2
101,5138,3
101,1211,4
101,6833,3
101,4874,4
101,2112,4
101,2619,4
101,5956,4
101,6613,1
101,548,3
101,712,2
101,3179,4
101,4557,4
102,3242,5
102,2715,3
102,5656,3
102,1946,4
102,403,4
102,6109,2
102,3892,5
102,2200,2
102,3051,5
102,165,4
102,2767,5
103,5970,4
103,3414,3
103,4955,3
103,5288,4
103,731,2
103,1539,5
103,3618,5
103,1731,1
103,6749,3
103,3335,5
103,6069,5
103,3968,3
103,6221,4
103,4231,5
103,7104,5
103,3063,3
103,6725,5
103,460,4
104,1014,5
104,5580,4
104,250,4
104,1981,3
104,3051,4
104,4004,1
104,4866,5
104,3654,5
104,1454,1
104,3887,5
104,4807,4
104,4516,4
104,2865,1
104,2820,3
104,1339,5
104,6862,3
104,2118,5
104,6135,4
104,6806,4
104,5643,4
104,740,3
104,2335,3
104,224,4
104,3166,4
104,406,5
104,1334,4
104,6994,2
104,4687,4
104,6388,4
104,1755,5
105,4599,3
105,5303,4
105,4864,3
105,4989,2
105,2315,5
105,2445,5
105,5606,4
105,885,3
105,3946,2
105,522,1
105,2754,4
105,2264,3
105,5247,5
105,2663,4
105,7057,5
105,2268,4
105,2139,5
105,5374,5
105,5825,3
105,5336,5
105,2447,4
106,6429,5
106,3897,3
106,5503,5
106,2936,3
106,4155,3
106,2459,3
106,6925,5
106,1392,4
106,6886,5
106,5387,4
106,4573,5
106,1483,2
106,2406,5
106,799,4
106,3856,5
106,1048,4
106,6069,3
106,2118,2
106,5940,5
106,6621,2
106,4579,3
106,6249,4
106,1499,4
106,5568,5
106,2749,4
106,5361,3
106,731,5
106,1820,5
106,2910,4
106,1829,4
107,2567,5
107,5197,2
107,475,4
107,38,4
107,3703,4
107,2240,5
107,1715,4
107,6235,1
107,6336,3
107,1381,4
107,4720,1
107,6262,3
107,1297,5
107,4010,3
107,6432,4
108,6009,5
108,2038,3
108,1853,5
108,5681,5
108,2820,1
108,2556,3
108,1056,5
108,841,3
108,3142,1
108,4123,4
108,4822,2
108,2507,5
108,1368,5
108,534,4
108,6748,4
108,374,5
108,2442,4
108,2382,4
108,3734,1
108,5962,2
108,4262,5
108,4885,1
108,4293,2
108,2767,4
108,3552,2
108,5626,3
108,1096,5
108,2807,3
108,4015,4
108,2942,1
109,5420,3
109,827,3
109,5427,4
109,4262,3
109,2211,5
109,5101,3
109,4961,1
109,5740,4
109,1123,3
109,3431,5
109,6804,3
109,859,1
109,4190,4
109,5888,5
109,5060,5
109,964,4
109,2315,2
109,933,2
109,6428,4
109,870,5
109,4077,2
109,1627,3
109,4988,3
110,2163,5
110,3803,1
110,410,2
110,817,4
110,6661,3
110,1431,5
110,323,5
110,6981,3
110,2380,5
110,2950,4
110,6566,3
110,5544,2
110,2561,4
110,3489,4
110,6050,5
110,949,4
110,778,4
110,6973,4
110,6211,5
111,926,3
111,1085,4
111,5703,4
111,5950,1
111,480,4
111,6916,5
111,1305,5
111,849,2
111,3408,5
111,4839,2
111,3954,4
111,6572,1
111,4660,3
111,5557,3
111,3589,5
112,6287,5
112,6091,5
112,4723,4
112,5929,1
112,4628,5
112,1834,4
112,5487,4
112,2771,4
112,4252,3
112,4285,5
112,5638,3
112,5739,3
112,5064,3
112,780,4
112,3545,4
112,5420,4
112,5952,5
112,2036,2
112,3947,4
112,2832,4
112,5437,2
112,5540,4
112,5254,3
112,3152,5
112,1217,5
112,6873,1
113,3377,5
113,293,5
113,4564,3
113,4498,5
113,1,4
113,6765,5
113,744,4
113,6486,4
113,4949,2
113,5071,4
113,5222,1
113,2495,4
113,4164,4
113,4606,5
113,1694,4
113,5362,4
113,5500,2
113,3737,5
113,2792,4
113,2976,5
113,6760,5
113,444,4
114,5004,5
114,1604,4
114,1536,5
114,989,4
114,6981,4
114,3218,5
114,1766,2
114,3744,4
114,6754,4
114,6401,1
114,1561,5
114,5871,5
114,2768,4
114,882,4
114,6202,5
114,3395,3
114,380,4
114,5187,5
115,848,4
115,3173,3
115,5386,3
115,4919,5
115,4965,2
115,2636,4
115,4129,5
115,3151,4
115,3429,5
115,4988,4
115,5673,3
115,6245,5
115,2033,4
115,2241,3
116,5113,5
116,5852,4
116,2380,4
116,5624,5
116,2828,5
116,5508,4
116,1086,5
116,5819,4
116,5325,5
116,1456,4
116,4127,1
116,4444,2
116,5687,4
116,5217,2
116,2640,2
116,945,3
117,2347,4
117,5598,4
117,2052,4
117,1199,4
117,6876,3
117,508,4
117,5657,4
117,6425,4
117,2417,5
117,1671,4
117,6173,4
117,4433,1
117,264,4
117,2938,4
117,6668,5
118,4523,5
118,440,3
118,106,5
118,6092,3
118,2058,4
118,1663,5
118,5083,2
118,6397,5
118,7048,5
118,3629,2
118,6799,1
118,1847,3
118,5191,3
118,5772,3
118,5812,5
118,5305,1
118,3012,4
118,6185,5
118,4820,1
118,4477,5
119,416,3
119,6337,5
119,5123,4
119,5043,3
119,6907,3
119,5422,5
119,2467,4
119,4018,4
119,6470,4
119,4691,5
119,4506,4
119,2933,2
119,597,3
119,6422,3
119,5797,4
119,2603,5
119,4304,3
119,1801,1
119,1506,5
119,4264,4
119,558,5
119,6441,2
119,4138,3
119,1305,5
119,3407,1
119,4448,4
119,4399,5
119,3304,4
119,753,4
120,359,3
120,2428,5
120,5337,5
120,1577,5
120,2624,4
120,4209,5
120,674,2
120,786,4
120,1371,1
120,6335,5
120,4407,1
120,4368,2
120,60,3
120,5135,3
120,536,2
120,1726,5
120,5491,5
120,5156,4
120,6337,4
120,1746,4
120,7085,3
120,5614,4
120,3475,2
120,6845,1
120,851,5
121,6192,4
121,6110,4
121,4797,3
121,372,5
121,5741,4
121,6948,5
121,594,1
121,2930,3
121,4119,3
121,869,5
121,2374,5
121,6446,5
122,5194,4
122,1180,5
122,2441,3
122,5548,5
122,6512,5
122,7103,3
122,5974,4
122,5307,4
122,3056,4
122,91,3
122,4534,3
122,4547,5
122,1158,3
122,1009,3
122,342,5
122,41,5
122,4691,5
122,4887,5
122,3228,5
123,5281,4
123,4502,3
123,599,4
123,2381,4
123,5502,3
123,551,4
123,2053,5
123,804,5
123,1617,3
123,5944,3
123,4756,5
123,3991,5
123,2710,4
123,2925,3
123,1050,4
123,5499,4
123,5369,3
123,1921,4
123,819,4
123,2335,5
123,5075,4
123,571,2
123,1585,4
123,2603,2
124,7034,4
124,6770,5
124,1146,3
124,4412,1
124,1609,3
124,2156,5
124,6009,4
124,5133,4
124,626,2
124,5959,4
124,617,5
124,152,4
124,6959,5
124,4154,2
124,5174,4
124,255,2
124,6657,4
124,4766,1
125,6946,4
125,6607,4
125,5030,3
125,5604,4
125,1358,2
125,6203,4
125,4211,1
125,1149,3
125,3655,5
125,1304,4
125,1467,4
125,4639,4
125,4635,1
125,5401,5
125,1197,3
125,6028,5
125,5996,4
126,6839,5
126,6077,3
126,2157,4
126,4740,5
126,4459,3
126,4670,5
126,1424,5
126,3085,1
126,5354,5
126,3100,4
126,2992,3
126,4814,4
126,5352,3
126,6844,3
126,637,3
126,4232,4
126,2060,5
126,3082,4
127,6645,4
127,2705,5
127,5900,2
127,928,3
127,3944,5
127,5531,4
127,3922,4
127,3924,5
127,1726,4
127,4839,5
127,1320,5
127,5302,5
127,6826,5
127,3366,3
127,183,4
127,1996,4
127,353,4
127,1047,3
127,4698,4
127,4852,2
127,1319,4
127,1103,5
127,5157,4
128,2166,4
128,1373,4
128,5932,1
128,5616,5
128,2807,4
128,3714,2
128,4886,4
128,4838,2
128,563,4
128,1882,5
128,3098,5
128,3157,5
128,1083,4
128,889,4
128,135,4
128,1657,1
128,4282,4
128,7041,3
128,4131,5
128,5606,5
128,3438,4
128,6770,4
128,1225,5
128,4960,5
128,788,4
128,1453,2
129,2085,5
129,3908,1
129,6273,4
129,1904,4
129,7037,4
129,686,3
129,2320,5
129,4901,4
129,4454,2
129,3347,4
129,2111,4
129,1548,3
129,44,4
129,5809,4
130,2257,3
130,5575,5
130,3255,5
130,6184,2
130,1668,4
130,3385,5
130,4522,5
130,6420,4
130,4567,4
130,3952,2
130,1464,4
130,3032,4
130,4580,5
130,4545,5
130,3962,4
130,2078,4
130,2512,2
130,4732,3
130,2820,4
130,6342,4
130,5779,5
130,3261,5
130,6027,4
130,1131,4
130,7004,3
130,7076,5
130,5400,2
130,975,5
130,6126,3
131,3596,2
131,87,3
131,1652,4
131,6967,4
131,5381,4
131,6585,3
131,4244,1
131,2342,5
131,1595,5
131,275,4
131,6422,5
131,4911,4
131,4182,4
131,4225,3
131,5721,5
131,1897,3
131,5039,5
131,1388,4
131,5521,4
131,295,1
131,2946,3
131,1959,4
131,5365,4
131,2,4
131,1289,3
132,6577,5
132,4204,5
132,2111,5
132,4406,4
132,6661,4
132,6499,4
132,4709,1
132,2049,2
132,5686,2
132,3627,4
132,3089,5
132,4613,4
132,3961,3
133,3378,3
133,2892,3
133,4231,4
133,4388,3
133,79,5
133,5741,5
133,6817,3
133,2157,5
133,2033,3
133,2353,3
133,761,3
133,3268,3
133,5518,5
133,6134,5
133,6726,4
133,2801,5
133,622,2
133,4542,2
133,1462,5
133,3903,4
134,6260,5
134,7021,5
134,4435,4
134,346,3
134,6946,3
134,3950,5
134,3040,4
134,5084,4
134,2583,5
134,4033,2
135,6547,3
135,3466,4
135,3918,3
135,4429,4
135,266,3
135,4116,4
135,2844,4
135,3225,4
135,7048,4
135,5622,3
135,6356,5
135,1431,4
135,3745,5
135,986,3
135,5720,3
135,4245,2
135,3768,4
135,2585,3
135,5646,2
135,68,3
135,96,3
135,5522,4
135,1726,4
135,3108,2
135,4759,5
135,825,2
136,1446,5
136,3453,3
136,4092,4
136,1101,4
136,6958,4
136,5166,4
136,4235,2
136,4374,5
136,5902,4
136,2586,4
137,6099,3
137,2741,3
137,2128,4
137,2957,5
137,2951,4
137,4590,2
137,4566,4
137,6635,4
137,2111,5
137,2819,5
137,162,4
137,3373,5
137,993,4
137,2876,4
137,5567,4
137,4960,5
137,1629,2
137,4725,3
137,4717,3
137,5323,4
137,5317,5
137,4410,4
137,1429,4
137,6392,5
138,6126,2
138,4808,2
138,4267,5
138,3688,4
138,3391,1
138,1370,4
138,1506,5
138,6997,2
138,189,3
138,1024,3
138,5961,4
138,1922,5
138,5423,3
138,2061,3
138,6093,3
138,5740,4
138,6141,2
138,655,5
138,1725,1
138,1367,4
138,3252,5
139,7079,4
139,3900,4
139,3827,5
139,4428,4
139,2231,3
139,4493,2
139,3644,3
139,1106,4
139,5714,3
139,4417,1
139,1450,4
139,4840,5
139,4895,2
139,3740,3
139,5169,4
139,6135,4
139,5208,4
139,4620,5
139,3563,3
139,4288,5
140,4890,3
140,1894,2
140,6527,4
140,59,4
140,4490,5
140,3060,4
140,1544,4
140,3372,3
140,4592,4
140,3580,4
140,3233,3
140,2047,3
140,1337,2
140,5856,2
140,6038,2
140,5291,4
140,3192,4
140,6786,5
140,3099,4
141,158,3
141,1246,3
141,406,5
141,4382,5
141,181,4
141,1523,5
141,837,3
141,2311,5
141,2205,5
141,1024,2
141,5858,5
141,3591,2
141,5956,4
141,67,3
141,1907,5
141,738,5
141,1234,5
141,120,2
141,4043,5
141,1779,3
142,2024,3
142,6042,4
142,274,3
142,1631,5
142,3775,5
142,6023,3
142,6315,2
142,769,4
142,4269,3
142,5455,3
142,1707,3
142,3873,2
142,3187,5
142,5582,1
142,2556,1
142,2646,5
142,1299,4
142,5154,4
142,5965,4
142,345,2
142,6100,3
142,4502,2
142,4267,4
142,1000,5
143,491,5
143,489,4
143,2912,4
143,5280,4
143,1260,4
143,5745,4
143,4393,3
143,6483,4
143,879,5
143,1030,4
143,3996,5
143,1906,3
143,2594,4
143,4574,4
143,6459,5
143,6198,4
143,2845,4
143,6598,5
143,3593,4
143,6006,5
143,1580,5
143,174,4
143,5646,4
143,3094,4
143,2934,3
143,5934,2
143,1103,5
143,2053,5
143,323,3
143,3975,4
144,1262,4
144,5022,4
144,2319,5
144,2642,3
144,3357,4
144,5250,4
144,2638,2
144,904,5
144,788,3
144,4286,4
144,5397,5
144,546,2
144,358,5
144,6841,2
144,1063,4
144,1463,5
144,256,4
144,1655,4
144,876,5
144,3976,5
144,1569,3
144,808,1
144,260,2
144,4677,3
144,5257,5
144,6850,5
144,3183,2
145,4355,4
145,3156,4
145,1552,4
145,1582,4
145,4310,5
145,5381,3
145,2037,3
145,4669,4
145,5122,3
145,1465,3
145,4574,5
145,6137,4
145,4572,4
145,3401,3
145,6112,5
145,864,3
145,6277,4
146,3527,3
146,6767,3
146,5946,5
146,2649,5
146,4984,5
146,1971,5
146,4613,4
146,4469,4
146,1752,4
146,3072,2
146,6272,4
146,4507,3
146,6099,3
146,2081,5
146,2949,3
146,3706,3
146,3665,3
146,3252,4
146,1,4
146,5949,3
146,283,2
146,2330,3
146,4880,4
146,133,4
146,4240,5
146,1106,5
146,2472,5
146,53,2
146,2460,4
146,1817,1
147,3125,4
147,642,3
147,6390,4
147,458,3
147,6315,4
147,2739,5
147,2850,5
147,6694,5
147,3557,4
147,3412,2
147,987,4
147,6311,5
147,1857,2
147,6124,3
147,5347,4
147,6958,5
147,4934,4
147,93,3
147,5192,4
147,6368,4
147,5178,4
147,3133,5
147,443,4
147,2496,3
147,4295,4
147,337,4
147,2615,4
147,4423,5
148,2017,4
148,1985,5
148,586,4
148,2181,2
148,6363,1
148,3523,5
148,2649,3
148,5609,4
148,4718,5
148,733,5
148,921,2
148,5502,2
148,3388,5
148,3469,5
148,2992,5
148,2853,5
148,1560,1
148,2627,4
148,2822,2
148,4865,4
148,5369,1
148,198,3
148,6305,4
148,2497,3
148,1386,4
148,2864,3
149,5103,2
149,5979,4
149,1157,4
149,5694,5
149,5724,4
149,5474,2
149,150,3
149,3085,5
149,4775,4
149,5435,5
149,4315,4
149,356,5
149,2092,5
149,1395,4
149,492,4
149,2326,2
149,1644,3
149,6465,5
149,5705,4
149,5062,5
149,2222,1
149,434,5
149,3808,3
149,5363,4
149,68,5
150,2840,2
150,5605,3
150,2882,4
150,2911,5
150,5121,5
150,2476,5
150,1934,5
150,4106,3
150,2259,3
150,6651,4
151,719,5
151,5979,5
151,3131,3
151,4265,4
151,5554,3
151,5017,2
151,5124,4
151,5623,5
151,1863,5
151,3418,3
151,1969,5
151,4693,4
151,1251,2
151,3493,5
152,5375,1
152,4627,3
152,1294,5
152,2600,5
152,555,3
152,4565,5
152,4366,5
152,5893,4
152,969,5
152,1508,3
152,2601,3
152,6877,2
152,1192,1
152,5956,5
153,2186,3
153,4961,1
153,4645,5
153,5016,1
153,1891,3
153,4885,4
153,1902,5
153,5630,5
153,213,5
153,2943,2
153,651,5
153,5637,5
153,6388,5
153,3904,4
153,1098,3
153,4115,4
153,6931,3
153,4953,4
153,3840,1
153,5832,5
153,5321,4
153,3063,3
153,1507,4
153,6980,5
153,3174,4
153,4025,4
153,3881,5
153,1126,5
153,1341,4
154,3742,3
154,6774,3
154,347,5
154,2012,4
154,4249,5
154,4406,4
154,3240,4
154,6022,2
154,321,4
154,4568,3
154,3173,4
154,4228,5
154,6268,4
154,5166,4
154,403,3
154,1555,1
154,2385,4
154,3600,5
154,3260,5
154,2494,5
154,6337,2
154,6779,3
154,2342,4
154,3779,5
155,5884,5
155,6006,4
155,1012,3
155,747,4
155,935,1
155,5785,3
155,3681,3
155,5194,5
155,2973,5
155,698,3
155,4291,2
155,5794,5
155,3146,2
155,5954,3
155,6480,5
156,2365,4
156,5131,4
156,1480,2
156,963,4
156,1077,3
156,1661,4
156,28,4
156,5100,4
156,6270,5
156,2073,1
156,100,2
156,3757,4
156,4076,1
156,7007,5
156,4084,4
156,4452,5
156,6614,3
156,47,5
156,4980,1
156,4042,4
156,1948,3
156,1776,4
156,4823,4
156,5402,4
157,4688,3
157,6449,4
157,4605,3
157,1453,3
157,3730,2
157,6138,4
157,4742,5
157,2950,4
157,293,2
157,762,5
157,6295,4
157,2451,5
157,2644,5
157,3019,4
157,3104,5
157,6719,3
157,554,4
157,6213,4
157,3500,5
157,6908,4
157,4509,4
157,531,5
157,2398,4
157,3856,5
157,1102,5
157,999,3
157,5690,3
157,7040,3
157,2248,2
158,5123,2
158,6526,3
158,966,4
158,6041,5
158,6947,2
158,1698,3
158,6550,4
158,5040,4
158,3396,5
158,3391,5
158,372,3
158,2734,5
158,2864,5
158,4590,4
158,6603,4
158,5222,1
158,1739,2
158,92,3
158,5247,4
158,1648,5
158,5652,5
158,2307,4
158,2084,5
158,6473,5
159,6841,4
159,4268,3
159,2452,5
159,4628,5
159,5938,2
159,5555,2
159,2584,5
159,4548,3
159,4389,4
159,153,4
159,1706,3
160,3191,1
160,1535,3
160,4875,2
160,957,4
160,7082,5
160,6408,5
160,6156,3
160,2525,3
160,5777,4
160,7027,5
160,2576,3
160,5815,3
160,259,5
160,2224,2
160,3390,5
160,711,4
160,4071,5
160,1946,3
160,3044,1
160,3702,4
160,6794,5
160,2479,2
160,1770,3
160,4301,1
160,2476,5
160,1433,5
160,919,3
160,3065,5
160,6430,2
161,184,3
161,4731,2
161,6213,5
161,2557,4
161,5233,2
161,1719,4
161,2628,4
161,1642,3
161,1577,5
161,2347,5
161,2266,4
161,4360,3
161,2614,3
161,6330,5
161,3613,4
161,5497,2
161,963,1
161,2233,5
161,1223,2
162,440,5
162,705,2
162,3493,5
162,3210,5
162,1466,4
162,5772,2
162,4883,5
162,4855,4
162,5156,2
162,6849,3
162,5653,4
162,5729,5
162,3652,4
162,5048,5
162,2913,2
162,2559,5
162,2722,3
162,6696,4
162,1623,3
162,5840,5
162,6212,3
162,5495,5
163,3713,5
163,3993,5
163,247,3
163,535,4
163,3893,5
163,924,4
163,2879,4
163,3921,4
163,3778,4
163,6928,4
163,1399,5
163,2312,4
163,6290,3
163,2855,5
163,4951,4
163,4707,5
163,1043,4
163,4161,5
163,843,4
163,3323,3
164,6056,5
164,5831,3
164,4703,5
164,6854,2
164,3986,2
164,936,5
164,4851,5
164,4883,4
164,3792,4
164,2665,4
164,4547,2
164,799,5
165,6184,4
165,5211,4
165,6634,4
165,1,5
165,6201,5
165,1201,2
165,5413,5
165,1222,5
165,3710,1
165,4352,4
165,2387,5
165,3194,2
165,5042,3
165,4734,1
165,3663,4
165,1602,4
165,1684,4
165,5582,5
165,2593,4
165,2455,4
165,4671,3
165,6507,3
165,5566,2
165,2494,4
165,3561,5
165,5880,4
165,2820,4
165,731,3
166,1100,5
166,95,5
166,587,5
166,5311,4
166,128,5
166,1179,4
166,5909,4
166,3987,4
166,5389,5
166,3577,4
166,1112,3
166,693,4
166,1124,1
166,5261,4
167,5833,2
167,4110,5
167,2205,4
167,3365,5
167,4474,5
167,4721,3
167,3006,4
167,274,4
167,310,4
167,4654,3
167,3958,4
167,5774,4
167,3019,4
167,927,4
167,4753,4
167,3944,4
167,5656,4
168,4382,3
168,6377,5
168,88,3
168,3840,4
168,3719,4
168,4199,4
168,3843,4
168,4701,3
168,6011,5
168,2715,1
168,3448,4
168,2891,2
168,6539,2
168,2413,5
168,2369,3
168,1372,4
168,289,3
168,5693,3
168,4895,5
168,6139,4
169,6053,4
169,1238,4
169,5399,5
169,3658,3
169,3029,4
169,6617,5
169,1436,2
169,2140,3
169,6410,5
169,5740,2
169,1934,4
169,3972,4
169,1481,4
169,6548,5
169,4320,5
169,7061,3
169,271,4
169,2808,4
169,691,3
169,1188,4
169,4878,4
169,6731,3
169,1262,5
169,6861,4
169,4062,3
169,6166,4
169,3382,5
169,6310,2
170,5221,4
170,2898,4
170,6916,5
170,3537,3
170,5001,1
170,5341,1
170,7031,2
170,2233,4
170,2744,4
170,2214,4
170,2187,4
170,6572,5
170,805,3
170,2091,1
170,5360,4
170,4785,2
170,3204,4
170,3777,5
170,6333,3
170,5531,4
170,6136,2
170,1980,5
170,6015,2
170,5504,4
170,4822,4
170,6311,5
170,1596,4
171,908,5
171,5698,3
171,1509,3
171,2075,2
171,2413,5
171,3825,4
171,5410,3
171,620,2
171,5232,5
171,3714,3
171,2264,4
171,6302,4
171,3497,5
171,5670,4
171,5468,3
172,888,4
172,1178,5
172,4428,4
172,6297,3
172,3532,5
172,1789,5
172,5029,4
172,5270,4
172,870,5
172,3617,4
172,5860,4
172,2121,5
172,846,5
172,285,5
172,597,4
172,576,1
172,4680,5
172,5960,5
172,2052,4
172,6367,4
172,3652,5
172,153,4
172,4077,4
172,1219,4
172,5348,4
173,742,5
173,2992,2
173,4379,3
173,6990,5
173,2785,4
173,659,4
173,6890,2
173,3765,4
173,6229,3
173,6279,4
173,2375,5
173,5306,4
173,1663,5
173,1446,1
173,4542,2
173,322,5
173,3147,1
173,5412,2
173,1564,5
173,2448,4
173,5700,4
173,3195,4
173,874,5
173,5166,2
173,5642,4
173,2943,5
173,3985,1
173,695,2
173,5183,4
173,3587,4
174,375,5
174,1988,4
174,5745,5
174,5314,5
174,1069,4
174,117,3
174,1411,5
174,5182,4
174,409,2
174,2517,5
174,6723,5
174,6501,5
174,797,4
174,3737,3
174,5007,2
174,1398,2
174,6843,4
174,4841,4
174,523,4
174,6699,4
174,6696,5
174,871,1
174,935,2
174,4072,5
174,4874,4
174,6546,5
174,5043,1
174,1806,4
174,516,1
175,730,4
175,5789,4
175,5339,4
175,4863,5
175,2324,4
175,3409,1
175,5681,3
175,6614,4
175,6490,5
175,6328,4
175,3899,5
175,5671,3
175,1039,1
175,1688,3
175,1172,2
176,783,5
176,5070,2
176,2964,4
176,7067,3
176,6235,3
176,4421,4
176,4157,5
176,1796,4
176,3802,2
176,6310,2
176,5131,4
176,5401,3
176,1704,1
176,2264,4
176,434,2
176,1586,3
176,923,4
176,6525,4
176,1222,4
176,5613,5
176,6912,5
176,3886,3
176,4075,2
176,1444,3
176,1308,3
176,5489,4
177,3076,4
177,1807,3
177,602,4
177,3858,3
177,4793,3
177,3968,1
177,445,4
177,3570,3
177,1187,2
177,1770,4
177,4992,4
177,3727,5
177,1458,3
177,3173,3
177,3059,3
177,1117,5
178,1392,5
178,4735,5
178,4528,4
178,7004,1
178,1881,5
178,708,5
178,3372,4
178,7020,4
178,4274,4
178,4007,5
178,7063,4
178,1773,2
178,4846,4
178,3878,2
178,6856,5
178,3790,4
178,2286,4
178,118,3
178,5980,4
178,3507,3
178,6030,5
178,2020,1
178,2030,4
178,2681,3
178,3557,4
178,4746,4
178,1821,4
178,4847,5
178,1220,4
179,5760,5
179,3320,3
179,1515,1
179,6470,4
179,3034,3
179,5134,5
179,3803,4
179,5766,5
179,5188,5
179,11,2
179,7048,5
179,5138,5
179,579,2
179,3152,5
180,422,2
180,909,4
180,3137,5
180,2994,4
180,3812,5
180,5071,3
180,334,5
180,3001,3
180,1435,4
180,5309,3
180,4577,4
180,5774,3
180,548,2
180,4593,3
180,5810,4
180,6337,4
180,1677,2
180,1133,5
180,2743,4
180,1954,4
180,4420,3
181,3015,4
181,6552,2
181,5515,3
181,5678,4
181,6625,4
181,537,3
181,1542,2
181,3750,5
181,715,3
181,656,5
181,3200,4
181,1464,4
181,2362,3
181,630,4
181,895,3
181,1349,4
181,2260,4
181,917,5
181,5710,4
181,1212,3
181,4065,2
181,1232,5
181,1673,3
181,4265,3
181,5138,4
181,185,5
181,2401,5
181,3412,1
181,5590,4
182,1362,3
182,5067,4
182,1317,1
182,5831,3
182,4385,3
182,2336,4
182,1493,4
182,1436,3
182,6875,3
182,5800,5
182,5675,4
182,5458,4
182,6508,2
182,1257,4
182,1320,3
182,1948,1
182,957,5
182,337,5
182,2593,3
182,4706,5
182,1036,4
182,3611,3
182,2133,5
182,3028,5
183,5463,4
183,1204,4
183,6550,3
183,4630,5
183,5968,3
183,3621,1
183,2774,4
183,5645,4
183,920,4
183,5993,2
183,3923,4
183,328,3
183,1142,3
183,5554,4
183,4513,5
183,957,5
183,2523,4
183,203,2
183,3290,5
183,5058,4
183,6888,4
183,1805,3
183,3653,4
183,2927,5
183,757,5
183,2673,2
183,450,5
183,4981,4
184,6583,4
184,3624,1
184,2364,4
184,1341,3
184,6600,3
184,5963,4
184,3472,4
184,5968,5
184,3393,3
184,1143,5
184,6844,3
184,4810,4
184,4898,5
184,705,3
184,1176,4
184,1702,4
184,2484,5
184,3888,3
184,4303,5
184,2747,3
184,541,3
184,4838,4
184,6194,4
185,5356,4
185,5455,5
185,2356,4
185,3417,4
185,1469,4
185,4029,4
185,5634,3
185,5282,4
185,2004,5
185,233,5
185,977,4
185,6264,5
185,2270,1
186,1334,3
186,4764,4
186,479,2
186,1197,3
186,2618,4
186,3776,5
186,5679,4
186,1109,3
186,2927,3
186,1337,3
186,433,5
186,2233,5
186,2958,3
186,3436,4
186,5212,4
186,2916,4
186,399,4
186,2374,2
187,4244,3
187,2305,5
187,3055,4
187,6379,5
187,3972,4
187,3375,4
187,2787,4
187,1335,5
187,839,2
187,1784,4
187,1266,2
187,4123,5
187,1811,5
187,6812,4
188,5661,4
188,2970,4
188,1138,3
188,6693,3
188,3620,5
188,4895,4
188,4285,5
188,6255,2
188,2802,1
188,1410,4
188,5815,4
188,2495,3
188,235,1
188,6098,4
188,6672,4
188,971,4
188,1821,5
188,1054,1
188,7019,3
189,6181,4
189,790,2
189,6409,5
189,1014,5
189,4929,5
189,1682,3
189,4813,3
189,1638,4
189,1513,5
189,5493,3
190,559,5
190,811,3
190,6714,4
190,4736,4
190,6252,3
190,114,3
190,4332,2
190,1777,5
190,5863,2
190,1569,2
190,2308,2
190,1407,5
190,6176,5
190,4400,4
190,35,1
190,5942,3
190,808,2
190,1753,3
190,4130,4
190,6973,3
190,5797,5
190,3888,4
190,3002,4
190,5719,3
190,4828,5
190,1516,3
190,3601,2
190,5517,5
191,5563,5
191,3010,3
191,1468,4
191,104,5
191,5522,2
191,4027,5
191,5505,5
191,861,3
191,3247,5
191,3588,4
191,4281,3
191,5394,5
191,5542,4
191,696,4
191,976,4
191,1174,4
191,3234,4
191,3281,4
191,5693,3
191,4837,5
191,833,2
191,6073,3
191,1382,4
191,530,4
191,2979,2
192,6044,3
192,432,4
192,6801,5
192,558,4
192,4080,4
192,5555,4
192,219,4
192,1467,3
192,3134,4
192,4952,4
192,5564,4
192,2678,5
192,1251,4
193,6258,4
193,258,1
193,3525,4
193,975,5
193,3142,3
193,3687,5
193,2576,4
193,6986,2
193,3082,5
193,3625,4
194,4660,4
194,5529,4
194,4018,4
194,5407,5
194,4536,4
194,5614,4
194,4418,5
194,4687,3
194,3848,1
194,3898,1
194,4605,5
194,6998,3
194,1280,5
195,6268,2
195,5121,3
195,2795,3
195,3117,3
195,797,2
195,3507,4
195,2827,5
195,2927,2
195,3374,3
195,2877,4
196,3775,4
196,5388,5
196,7072,4
196,3460,4
196,4653,4
196,4216,5
196,3450,2
196,2184,4
196,167,3
196,5701,4
196,3847,5
197,1365,4
197,5036,3
197,2453,5
197,2976,2
197,3571,5
197,1652,2
197,4071,3
197,5205,2
197,6941,5
197,6448,4
197,617,3
197,6884,5
197,6965,4
197,4389,3
197,1753,5
197,2354,4
197,2172,4
197,389,3
197,2435,4
197,4698,4
198,5501,5
198,6254,5
198,4485,5
198,1479,2
198,152,3
198,5143,4
198,5761,3
198,4228,5
198,7067,5
198,1528,5
198,4725,4
198,4089,5
198,1744,5
198,5413,4
198,6749,5
198,6080,3
198,3828,3
198,2194,3
198,5225,4
198,4364,3
198,6626,3
198,5033,2
198,6985,1
198,6300,5
199,3802,4
199,3976,1
199,4586,5
199,3572,5
199,3457,2
199,5299,5
199,303,3
199,1654,3
199,1305,2
199,2234,5
199,1117,5
199,238,4
199,2116,5
199,6468,4
199,6582,5
199,2275,5
199,5395,3
199,4511,4
199,1441,4
200,4275,5
200,5441,3
200,6791,4
200,4754,4
200,6349,5
200,4302,3
200,2062,4
200,4066,2
200,739,3
200,1950,5
200,4913,4
200,1001,3
200,6333,4
201,4370,4
201,3069,5
201,5731,4
201,925,5
201,2592,3
201,4470,4
201,3471,3
201,3890,5
201,5592,4
201,2018,5
201,2275,2
201,6424,5
201,1187,5
201,2973,4
201,3893,5
201,5862,4
201,3012,5
201,6728,3
201,2524,2
201,172,5
201,5287,3
201,4962,3
201,285,5
201,6893,5
201,6057,4
202,3328,5
202,6466,4
202,277,1
202,2244,2
202,7097,4
202,656,4
202,6743,5
202,6385,2
202,4027,4
202,3859,4
202,6037,3
202,3382,2
202,6890,3
202,2725,4
202,5876,5
202,3460,5
202,6719,5
202,822,5
202,6753,4
202,1313,5
202,5721,3
202,2137,4
202,4147,5
202,543,3
202,2882,4
202,3447,5
202,4932,5
202,5973,3
202,6663,4
202,4486,3
203,6837,3
203,4672,2
203,1838,4
203,169,5
203,188,2
203,4575,5
203,5301,4
203,5013,5
203,5133,4
203,1873,4
203,728,2
203,3788,5
203,1624,3
203,2144,5
203,5744,5
203,6978,3
203,1382,4
203,407,2
203,3285,5
203,5062,4
203,3513,5
203,4918,3
204,3426,4
204,1477,1
204,3346,2
204,6491,3
204,1195,4
204,235,4
204,2377,5
204,2144,5
204,1929,5
204,5060,3
204,3694,2
204,2034,2
204,3028,3
204,4775,3
204,5605,5
204,5302,5
205,5812,4
205,6129,3
205,6634,3
205,372,5
205,43,4
205,2077,5
205,4133,3
205,5076,4
205,3120,4
205,2478,5
205,3233,3
205,5498,5
205,3038,5
205,1083,4
205,4583,4
205,336,3
205,4755,5
205,1469,4
205,2132,5
205,1391,4
205,4126,5
205,4037,4
205,2778,4
205,3834,3
205,1080,2
205,734,3
205,2599,4
205,5818,3
205,4345,4
206,4054,2
206,334,3
206,3616,3
206,2920,3
206,5808,5
206,4594,5
206,3974,5
206,3749,4
206,4038,4
206,921,3
206,6929,5
206,5896,1
206,7101,5
207,3411,4
207,629,5
207,2016,5
207,6293,3
207,4080,2
207,5545,5
207,772,4
207,2692,4
207,212,5
207,2328,4
207,5581,1
207,5575,5
207,999,4
207,3229,5
207,3060,3
208,1059,5
208,1731,3
208,7071,5
208,398,4
208,6566,2
208,5272,4
208,2317,4
208,2647,5
208,6538,3
208,454,4
208,6093,2
208,579,4
208,4482,5
208,4933,4
208,3124,4
208,758,5
208,3267,4
208,2090,4
208,1458,4
208,1966,5
208,6315,5
208,7090,4
208,730,4
208,168,4
208,6982,1
208,1705,3
208,1334,4
208,3182,3
209,4057,5
209,4319,4
209,5157,3
209,5302,3
209,4298,4
209,687,4
209,2381,4
209,3835,5
209,3582,4
209,648,4
209,6566,4
209,3912,4
209,2460,5
209,1217,5
210,2087,4
210,4796,4
210,669,4
210,6296,4
210,4124,3
210,133,5
210,933,5
210,6066,3
210,5419,3
210,3791,5
210,1470,4
210,6440,5
210,1492,2
210,6905,4
210,3219,1
210,370,2
210,682,3
210,3409,4
210,5770,4
210,2438,5
210,2571,5
211,5946,2
211,3987,3
211,2480,5
211,5066,5
211,6661,4
211,5052,2
211,2955,5
211,5657,2
211,5519,4
211,5654,2
211,5530,5
211,3235,5
211,6591,4
211,2479,4
211,717,1
211,1024,4
211,1106,3
211,113,3
211,1563,5
211,916,4
211,6684,3
211,130,2
211,5701,5
211,1541,4
211,7037,4
211,219,4
211,1714,4
211,3941,5
211,5313,5
212,3993,5
212,3274,4
212,3982,4
212,4205,3
212,4841,2
212,5936,5
212,5009,4
212,5559,4
212,6690,4
212,3996,5
212,1899,3
213,170,5
213,1321,5
213,2359,5
213,5949,4
213,1574,5
213,3844,5
213,2816,5
213,3589,5
213,1901,4
213,4158,3
213,1799,5
213,4814,4
213,5611,2
213,2778,3
213,4932,4
213,6991,2
213,6901,4
213,5858,5
213,5381,3
213,3837,3
213,1074,1
213,2403,1
213,5922,5
214,5545,4
214,1299,1
214,1431,5
214,6782,3
214,7040,3
214,4124,4
214,261,4
214,6609,4
214,521,5
214,2766,5
214,3527,4
214,933,4
214,5059,5
214,1857,2
214,988,2
214,4603,4
214,1835,5
214,3984,5
214,2112,5
214,2787,1
214,6429,2
215,967,4
215,1682,3
215,2962,3
215,1286,3
215,5966,5
215,2393,4
215,5801,4
215,3616,3
215,6242,5
215,4144,4
215,4082,5
215,6001,2
215,813,4
215,1263,5
215,5300,5
215,2979,5
215,2741,4
215,6710,4
215,1128,5
215,1007,4
215,6951,5
215,1653,5
215,3597,4
215,3405,2
215,6301,3
215,6299,4
215,53,5
215,2009,4
215,6838,4
215,6628,1
216,1236,5
216,4706,4
216,473,4
216,5174,4
216,5843,3
216,6545,5
216,5409,4
216,4258,5
216,2422,5
216,3434,2
216,3293,4
216,5577,4
216,5740,5
216,4535,5
216,2493,4
216,5910,4
216,6084,3
216,2569,4
216,2819,3
216,64,3
216,6774,4
216,2291,1
216,4323,5
216,5000,4
216,1203,3
216,5736,5
216,3309,3
216,3655,4
216,5274,4
216,1680,5
217,2127,5
217,5136,5
217,4157,4
217,2903,5
217,1014,3
217,391,3
217,6197,4
217,5332,5
217,1021,4
217,3676,2
217,2440,4
217,4689,5
217,6036,2
217,42,4
217,3712,3
217,2776,5
217,1934,4
217,6597,2
217,6109,4
217,4764,4
217,4633,2
218,1065,5
218,3901,5
218,1759,2
218,3654,2
218,639,5
218,3025,2
218,5544,5
218,4311,5
218,3299,2
218,4818,3
218,4579,4
218,4251,5
218,6380,5
218,3234,4
218,2160,5
218,4786,4
218,4086,4
218,5213,2
218,3468,4
218,3605,1
218,5644,3
218,4010,4
218,5994,5
219,2408,4
219,3980,2
219,229,1
219,6481,4
219,1170,3
219,1164,4
219,6420,3
219,4830,4
219,3455,5
219,398,5
219,2499,2
219,2322,2
219,1766,4
219,1499,5
219,6710,4
219,6059,2
219,4004,5
219,17,2
219,1002,4
220,3355,3
220,3172,4
220,1907,4
220,3239,2
220,2777,4
220,4431,3
220,375,4
220,5492,5
220,3629,2
220,6028,5
220,2272,3
220,5291,1
220,725,5
220,7093,3
220,1356,5
220,5793,5
220,203,4
220,4685,5
220,5161,4
220,6522,4
220,6320,1
220,5795,5
220,2530,1
220,4596,4
220,5285,4
220,1014,5
220,5274,3
220,4582,3
220,697,2
221,4438,2
221,1377,5
221,2337,3
221,1179,5
221,1496,3
221,2093,2
221,6293,2
221,734,5
221,1263,3
221,2513,5
221,3336,5
221,5559,2
221,1386,3
222,4800,4
222,1937,2
222,4038,4
222,4166,4
222,6163,5
222,4132,4
222,3154,5
222,942,2
222,2206,4
222,496,3
222,2607,3
222,3807,5
222,4531,5
222,3334,4
222,536,1
222,3966,5
222,236,5
222,3338,4
222,5189,4
222,1914,3
222,152,2
222,2204,5
222,4538,3
222,4801,3
222,5530,4
222,831,5
222,2017,5
222,6250,3
222,4544,5
223,372,4
223,1322,5
223,6055,5
223,4375,5
223,4612,4
223,572,5
223,2462,5
223,734,3
223,3238,4
223,5721,3
223,1007,3
223,6803,5
223,1144,3
223,5939,5
223,4558,2
223,2289,5
223,3538,4
223,1727,1
223,5000,1
224,3384,5
224,4553,5
224,5705,4
224,5761,2
224,4005,5
224,6246,4
224,3217,4
224,4408,4
224,664,5
224,6449,5
224,5317,5
224,5335,2
224,635,4
224,4412,3
224,253,1
225,6212,3
225,2303,5
225,5575,3
225,5809,4
225,2931,4
225,1568,3
225,737,5
225,6686,5
225,5025,3
225,5121,3
226,3244,3
226,908,5
226,2272,1
226,4662,5
226,4098,4
226,4046,4
226,1396,4
226,4520,5
226,1587,1
226,5405,4
226,6052,4
226,4634,4
226,5506,5
226,5590,3
226,4939,5
226,4629,4
226,1437,2
226,535,4
226,4818,4
226,1050,4
226,6111,1
226,532,5
226,1043,1
226,2126,5
226,4668,4
226,7008,3
226,1867,4
226,4285,3
226,5971,5
226,6408,5
227,5648,4
227,3471,4
227,609,3
227,2047,3
227,1612,2
227,1347,3
227,2697,3
227,2546,2
227,514,3
227,5128,5
227,5122,5
227,792,5
227,228,4
227,3931,5
227,3538,4
227,6619,4
227,196,2
228,273,2
228,3091,4
228,2566,4
228,6944,2
228,5680,2
228,532,2
228,6411,5
228,1044,4
228,507,4
228,6573,4
228,3620,5
229,86,5
229,3714,2
229,3145,4
229,3802,4
229,6513,4
229,3507,4
229,5080,3
229,5072,2
229,829,1
229,2782,2
229,5332,4
229,5535,4
229,6413,4
229,212,4
229,3719,4
229,4237,4
229,2688,2
229,4815,4
229,1576,4
229,884,3
229,841,5
229,100,4
229,4875,4
229,5843,2
229,553,3
229,4856,5
229,6466,4
229,6887,2
229,1586,3
230,5247,4
230,1648,3
230,6432,3
230,560,3
230,2797,2
230,1551,5
230,5471,5
230,3897,4
230,5691,5
230,5667,4
230,3828,4
230,4913,4
230,5672,3
230,2712,4
230,6979,5
230,4738,5
231,1681,3
231,3279,3
231,1509,3
231,6767,3
231,55,3
231,2972,5
231,81,3
231,604,3
231,2931,3
231,245,3
231,4544,2
231,943,5
231,1166,2
231,2380,4
231,3607,5
231,1592,3
231,5171,3
231,4797,4
231,6271,4
231,2948,4
231,359,3
231,243,4
232,3553,3
232,5824,4
232,535,3
232,970,2
232,1183,4
232,1071,4
232,6511,4
232,1553,5
232,1570,5
232,4362,5
232,3098,4
232,5688,3
232,3065,4
232,2604,5
232,4911,5
232,3518,4
232,5211,4
232,2003,3
232,378,5
232,6251,4
232,5046,4
232,4811,5
232,1549,4
232,6999,4
232,4386,4
232,2409,5
232,6468,4
232,1217,3
232,2684,5
233,7071,4
233,1920,4
233,3243,4
233,1790,4
233,2506,4
233,3481,5
233,3089,3
233,4680,4
233,1287,3
233,6901,3
233,3064,4
233,2085,4
233,4510,2
233,694,5
233,1100,4
233,6157,4
233,688,5
233,2417,5
233,3641,2
233,4250,2
233,2880,1
233,1885,3
233,4783,3
233,337,3
234,6104,3
234,6681,3
234,6295,5
234,5599,5
234,6925,5
234,2248,5
234,1561,1
234,5780,4
234,4948,5
234,1129,5
234,7004,5
234,6163,3
234,5866,5
234,6060,3
234,4449,3
234,2139,4
234,69,4
234,6308,4
234,2453,5
235,6487,5
235,703,1
235,2564,5
235,6928,5
235,1538,3
235,3512,4
235,6308,4
235,5717,4
235,3421,5
235,1716,4
235,3593,3
235,3686,1
235,6987,5
235,4574,5
235,246,3
235,3069,5
235,1138,3
235,4730,4
235,1051,4
235,2503,4
236,3123,4
236,1672,4
236,3200,3
236,521,2
236,4378,5
236,3165,3
236,1542,3
236,3889,4
236,889,2
236,2693,2
236,4665,4
236,3698,3
236,5234,5
236,2495,4
236,763,3
236,1404,2
236,854,4
236,5528,4
236,4529,2
236,1455,5
236,262,5
236,6770,2
237,2537,3
237,3540,1
237,6700,2
237,5813,2
237,5445,4
237,3889,5
237,1300,4
237,4945,5
237,4711,5
237,2542,4
237,4812,4
237,1662,5
237,4116,3
237,5871,5
237,5610,4
237,3759,5
238,3203,4
238,5021,5
238,6745,3
238,6635,5
238,6961,3
238,1434,4
238,3400,3
238,2040,5
238,1471,4
238,5060,5
238,6006,3
238,3539,4
238,3750,5
238,3151,4
238,5399,5
238,1502,2
238,5722,2
238,4658,5
238,782,3
239,1350,5
239,2070,2
239,1698,4
239,4145,4
239,365,4
239,3786,2
239,218,4
239,599,5
239,5233,4
239,5689,4
239,5534,3
239,6141,3
239,3783,5
239,3122,4
239,2815,3
239,6110,2
239,3271,5
239,7010,3
239,1592,4
239,3249,1
239,309,3
239,87,4
239,2052,3
239,939,5
240,1770,5
240,3621,3
240,5707,1
240,391,1
240,6852,1
240,5200,5
240,6647,4
240,4283,2
240,5251,5
240,5427,2
240,5868,5
240,5407,4
240,842,5
240,3199,1
240,5655,4
240,2525,5
240,3637,3
240,429,4
240,4900,4
240,38,5
240,398,4
240,6327,4
240,3091,3
240,6284,2
240,1652,3
240,2045,1
240,3069,4
241,3188,4
241,1742,2
241,3758,3
241,1803,3
241,540,4
241,5390,5
241,6677,2
241,2281,4
241,5324,5
241,5111,5
242,2063,5
242,776,3
242,4914,5
242,2657,4
242,5168,3
242,5704,4
242,3183,4
242,5553,4
242,6319,4
242,5682,3
242,1088,4
242,2720,5
242,1436,3
242,5204,4
242,6239,5
243,1936,5
243,6044,4
243,3510,5
243,6203,5
243,1995,3
243,5077,3
243,650,4
243,490,5
243,1126,4
243,3068,5
243,4085,4
243,2429,3
243,1654,1
243,1242,5
243,3078,3
243,1674,3
243,5259,4
243,310,5
243,1950,4
244,6565,2
244,5630,5
244,5703,5
244,5894,2
244,1822,3
244,4981,4
244,3125,5
244,4271,3
244,2634,4
244,1503,4
244,3623,4
244,5159,3
244,49,3
244,529,4
244,4027,4
244,573,3
244,1576,4
245,1649,4
245,2227,3
245,7064,5
245,6400,3
245,3941,4
245,655,4
245,2945,4
245,3262,4
245,3094,2
245,1374,2
245,3856,4
245,3615,3
245,3462,3
245,4139,1
245,4992,4
245,6020,5
245,3550,4
245,6228,5
245,1276,5
245,6714,5
245,6500,4
245,3948,4
245,162,4
245,6241,4
245,3124,4
245,3501,1
245,6996,5
245,681,4
245,6216,4
245,2459,3
246,2091,4
246,6318,4
246,6156,4
246,5916,4
246,2855,3
246,4174,4
246,5809,4
246,4002,3
246,5201,4
246,5640,5
246,3016,5
246,5705,1
246,472,5
246,5332,4
246,3156,5
246,3473,4
246,6026,4
246,2021,5
246,1985,4
246,3913,3
246,282,4
246,6661,5
246,2960,3
247,4101,3
247,4367,3
247,5394,5
247,3135,4
247,4801,1
247,2522,3
247,6012,4
247,3371,2
247,6164,5
247,5960,4
247,728,4
247,895,3
247,5211,4
247,4690,3
247,6362,3
247,6533,2
247,2821,4
247,6670,4
247,1169,2
248,6671,3
248,1741,4
248,1520,5
248,1646,1
248,483,3
248,6143,5
248,1496,4
248,6628,5
248,6219,1
248,1571,3
248,2124,5
248,3348,4
248,3610,4
248,5135,5
248,5115,3
248,894,4
248,5213,5
248,1360,4
248,653,3
248,2401,4
248,702,3
248,3094,3
248,1021,3
248,2267,4
248,526,4
248,2802,4
248,243,5
248,4797,5
249,25,5
249,3743,3
249,5720,4
249,3291,4
249,5941,5
249,6843,4
249,1137,4
249,210,1
249,4930,4
249,1006,5
249,4346,3
249,2289,4
249,5728,5
250,5553,4
250,3639,5
250,1913,5
250,4970,5
250,3969,5
250,3278,5
250,6055,1
250,5018,4
250,6504,2
250,666,5
250,2853,5
250,3505,5
250,3900,4
250,5393,5
250,7021,5
250,5730,4
250,822,4
250,6015,3
250,3152,3
250,2407,5
251,864,4
251,3562,5
251,5863,4
251,239,4
251,1312,5
251,2674,4
251,3141,4
251,6277,5
251,2296,3
251,1805,3
251,5891,4
251,2110,5
252,5275,5
252,2811,4
252,3088,3
252,5877,3
252,6086,3
252,6029,2
252,5939,3
252,3126,4
252,5356,3
252,5260,5
252,6431,4
252,4603,2
253,3114,4
253,4726,4
253,6036,2
253,13,1
253,2546,5
253,506,3
253,4833,5
253,4387,3
253,1555,3
253,6939,4
253,3179,2
253,3470,3
253,2618,5
253,6318,5
253,2990,5
253,6533,1
253,5564,3
253,6525,4
253,1034,4
253,4257,3
254,3918,4
254,5169,5
254,6788,4
254,1767,5
254,4055,5
254,2387,4
254,5768,3
254,3085,4
254,481,5
254,6637,5
254,2729,4
254,1250,4
254,6782,3
254,5871,4
254,1725,3
254,6947,5
254,6001,4
254,6638,2
254,1843,5
254,5737,4
254,6027,5
254,430,5
254,7089,5
254,6357,4
254,1466,3
254,7018,2
254,3993,4
254,5958,3
255,1718,5
255,1786,5
255,6589,4
255,6130,5
255,1602,4
255,6023,3
255,5334,2
255,74,4
255,2967,4
255,5947,5
255,7013,2
255,4715,4
255,835,3
255,5556,4
256,5136,5
256,5919,5
256,3309,5
256,2007,4
256,278,2
256,973,4
256,1973,5
256,3249,4
256,4002,4
256,2479,4
256,5635,1
256,4883,2
256,1413,2
256,5347,4
257,1842,5
257,188,3
257,4807,5
257,4693,1
257,4690,4
257,3928,4
257,2242,5
257,5683,4
257,6105,4
257,774,4
257,6507,5
257,4856,5
257,1483,2
257,3145,5
257,3966,5
257,5280,5
257,5756,3
257,3552,4
257,2444,3
257,4681,4
257,1025,5
257,814,2
257,2664,2
257,520,3
257,5847,3
257,7063,4
258,693,3
258,1021,5
258,4146,4
258,2445,5
258,2978,4
258,4459,4
258,1405,4
258,3465,4
258,5391,4
258,0,5
258,2034,4
259,4182,4
259,1719,3
259,5635,4
259,811,3
259,5428,4
259,6715,5
259,366,4
259,1942,5
259,300,2
259,1540,3
259,1160,4
259,2455,3
259,7013,4
259,6820,4
259,1763,5
259,1099,4
259,4932,4
259,4522,4
259,1769,3
259,4847,5
259,2941,3
259,2272,5
259,1052,4
259,5972,5
259,5097,3
259,3457,3
259,609,4
260,3332,5
260,540,2
260,2698,3
260,5244,4
260,728,3
260,2972,3
260,2732,2
260,6373,1
260,2238,3
260,1198,5
260,6538,3
260,1849,5
260,2241,4
260,80,5
260,802,4
260,3089,5
260,1820,4
260,3101,4
260,860,3
260,6412,4
260,1011,5
260,1439,4
260,4312,2
260,5966,4
260,2511,3
260,4823,5
260,6728,4
261,5795,3
261,6369,5
261,2040,5
261,5555,4
261,4986,3
261,3426,2
261,5789,2
261,3750,5
261,1499,5
261,3595,3
261,2899,2
261,6541,5
261,3839,4
261,4114,4
261,2349,5
261,2259,5
261,3504,4
261,4264,4
261,5885,5
261,6668,4
261,1874,4
262,5717,5
262,1021,5
262,3321,5
262,113,3
262,5048,4
262,1557,2
262,6810,4
262,6110,2
262,59,4
262,5850,3
262,3481,5
262,5755,3
262,4377,4
262,6141,5
262,2826,5
262,2000,5
262,6053,3
262,5416,4
262,6744,3
262,4326,1
262,5603,4
262,4990,4
262,346,5
262,4975,5
262,3675,5
262,1380,4
262,5525,5
263,5060,4
263,6949,5
263,3999,4
263,471,5
263,2914,1
263,48,5
263,5042,3
263,3771,4
263,2691,4
263,2444,4
263,2899,5
263,877,4
263,42,3
263,2864,5
263,5918,4
263,1525,4
263,3293,2
263,2904,5
263,72,1
263,830,5
263,3529,5
263,4030,2
263,1618,3
263,694,2
264,6094,4
264,2713,5
264,258,5
264,1313,4
264,5457,2
264,1630,2
264,3926,1
264,5449,3
264,2177,4
264,973,5
264,3449,3
264,4006,4
264,4506,3
264,4059,5
264,6552,5
264,5584,4
264,5851,3
264,1043,4
264,2661,5
264,6152,3
264,6261,3
264,6392,4
264,3275,3
265,7079,5
265,2158,4
265,5742,3
265,2026,5
265,5458,4
265,6722,4
265,3515,3
265,1625,2
265,3882,1
265,5787,5
265,6412,5
265,6635,4
265,844,4
266,7080,4
266,417,4
266,3115,4
266,3336,3
266,4300,3
266,2510,3
266,5735,4
266,5188,4
266,1895,3
266,1816,1
266,2753,1
266,3490,2
267,1736,5
267,2337,3
267,3867,5
267,2295,4
267,4968,5
267,825,4
267,3529,4
267,1514,4
267,2066,3
267,4024,4
267,2978,5
267,2738,2
267,2493,5
267,913,2
267,793,4
267,5480,5
267,111,4
267,5594,3
267,4520,5
267,6311,5
268,4477,2
268,5070,4
268,2809,5
268,2469,5
268,5942,5
268,3884,5
268,6234,4
268,1654,3
268,4370,4
268,5904,4
268,1258,2
268,358,4
269,3432,3
269,4290,5
269,4127,4
269,6478,5
269,179,4
269,1367,3
269,4908,3
269,2245,3
269,5707,3
269,1056,4
269,2372,5
269,372,5
269,4638,4
269,498,5
269,6507,4
269,5683,3
269,1558,3
269,6067,5
269,6672,4
269,3256,3
269,4055,1
269,5609,3
269,4361,1
269,4206,2
269,614,5
270,2215,5
270,6476,3
270,422,5
270,5262,5
270,2039,3
270,6745,2
270,1720,5
270,4379,3
270,951,5
270,11,4
270,5313,1
270,2846,4
270,5182,5
270,4957,3
271,128,5
271,4402,3
271,5384,3
271,6374,4
271,6393,5
271,4778,5
271,871,3
271,5919,3
271,6109,5
271,5637,4
271,3129,5
271,5356,2
271,2108,3
271,5130,3
271,5196,5
271,4950,3
271,4512,4
271,1688,5
272,2310,1
272,172,5
272,2540,5
272,1334,4
272,1455,1
272,6696,3
272,3229,2
272,5630,2
272,4979,4
272,1538,1
272,568,5
272,1175,5
272,590,2
272,3493,5
272,2009,3
272,3727,5
272,5284,3
272,3297,4
272,821,4
272,5933,4
272,4315,3
272,1124,3
272,5953,3
272,6147,2
272,6619,4
272,96,4
272,4942,2
272,816,5
272,3095,2
272,3145,3
273,6852,4
273,3402,4
273,1161,2
273,9,5
273,1837,5
273,196,5
273,1856,4
273,3499,3
273,3157,4
273,1207,4
273,2894,4
273,5368,3
273,2349,4
273,1850,3
273,5606,5
273,3151,3
273,5625,2
273,5856,5
273,6740,4
273,920,5
273,4028,5
273,1389,5
273,902,2
273,1839,1
273,833,5
273,2308,2
274,1200,4
274,2623,4
274,1210,2
274,3199,5
274,3659,5
274,5909,4
274,6527,4
274,6435,4
274,3919,4
274,6673,4
274,551,3
274,927,2
274,4733,5
274,3501,4
274,5953,5
274,2281,5
274,1185,3
274,740,2
274,2646,4
274,1044,3
274,1489,5
274,6287,4
274,3154,4
274,2888,2
274,2615,2
274,4048,5
274,3472,4
274,3942,5
274,5680,5
274,3391,2
275,1180,2
275,6842,4
275,6990,4
275,4517,4
275,3449,3
275,1986,2
275,1726,2
275,6781,3
275,1839,1
275,457,5
275,6119,4
275,1128,5
275,960,4
275,5699,2
275,5766,4
275,1172,5
275,3092,4
275,6005,5
275,215,4
275,5702,4
275,3479,1
275,3044,2
275,443,2
275,5745,4
276,6153,2
276,1421,4
276,4122,5
276,1313,5
276,89,4
276,3247,2
276,6821,4
276,3470,4
276,5569,4
276,3721,4
276,4539,4
276,5827,2
276,6795,4
276,2113,4
276,4686,3
276,4111,2
276,2507,4
276,5811,5
276,1862,3
276,1284,3
276,2226,3
276,753,2
276,4272,3
276,3092,1
276,1025,5
276,6087,3
276,1735,3
276,3280,5
276,5071,3
277,4670,5
277,4626,5
277,367,5
277,4618,4
277,6473,3
277,3963,4
277,374,4
277,393,2
277,2577,4
277,763,3
277,2528,5
277,69,4
278,6614,5
278,6349,5
278,1230,4
278,194,5
278,4810,4
278,6521,4
278,3130,5
278,3907,4
278,4803,2
278,6979,3
278,306,4
278,2376,5
278,1320,1
278,1241,5
278,5590,4
278,3793,3
278,645,5
278,5127,4
278,764,5
278,5885,4
278,1897,5
278,1766,2
278,5582,1
278,5359,5
278,1153,3
278,6298,5
279,4087,2
279,770,3
279,3725,5
279,2569,3
279,1390,4
279,2421,3
279,1322,5
279,558,4
279,2294,2
279,4722,2
279,2976,4
279,2894,1
280,3284,5
280,3350,5
280,7020,1
280,5076,5
280,5575,2
280,1056,5
280,3611,4
280,3004,4
280,4198,3
280,6920,2
280,5116,4
280,2569,4
280,3061,5
280,683,3
280,5588,5
280,3384,4
280,4144,3
280,3687,4
280,2153,4
281,893,4
281,703,5
281,1476,2
281,5994,3
281,887,4
281,3251,5
281,6293,5
281,3548,2
281,1634,5
281,3289,5
281,2692,5
281,528,3
281,2599,3
281,2805,1
281,4950,5
281,3983,4
281,1741,3
281,5753,3
281,6072,2
281,3901,3
281,936,2
281,2280,5
281,3723,4
281,313,4
282,5485,4
282,2125,5
282,1507,5
282,6803,4
282,440,5
282,757,4
282,3510,5
282,2801,4
282,6170,5
282,2432,3
282,1347,5
282,1626,4
282,2861,2
282,3433,4
282,3945,5
282,3895,5
283,116,4
283,1232,5
283,3757,2
283,1208,3
283,4091,5
283,7080,4
283,2592,4
283,930,3
283,6488,4
283,5520,3
283,3329,5
283,2152,5
283,4265,4
283,5916,1
283,30,5
283,3690,1
283,6819,5
283,7022,4
283,1029,5
283,5196,4
284,3735,3
284,3391,4
284,3361,5
284,2881,5
284,2885,5
284,6784,5
284,4443,2
284,3488,4
284,4285,4
284,6267,4
284,2751,4
284,928,5
284,1440,5
284,3758,2
284,3509,4
284,3056,4
284,1449,1
284,4528,3
284,4873,4
284,1332,3
284,4446,4
284,3570,4
284,3125,3
284,2334,4
284,6922,2
284,5403,5
284,5640,5
284,5572,4
284,3583,5
284,5194,5
285,62,4
285,3069,5
285,6407,5
285,1834,4
285,4157,3
285,2323,5
285,2192,5
285,5395,3
285,2166,5
285,2518,3
285,6868,4
285,6513,5
285,3397,5
285,5515,4
285,1978,2
285,34,4
285,3396,5
285,267,3
285,127,5
285,215,4
285,1256,4
285,6475,2
286,4130,3
286,969,2
286,5172,4
286,4726,4
286,6424,4
286,3211,1
286,6906,5
286,6243,5
286,5138,2
286,2131,4
286,6859,5
286,4529,2
286,1302,4
286,2641,4
287,1528,4
287,1963,4
287,5345,4
287,1816,2
287,2432,4
287,1587,4
287,4386,2
287,6885,3
287,2009,5
287,5949,2
287,6389,4
287,6611,4
287,6439,5
287,3097,4
287,6311,4
287,2133,1
287,5400,2
287,423,5
287,2252,2
287,679,4
287,1177,4
288,5190,4
288,3693,3
288,6623,5
288,1319,5
288,1472,3
288,2447,1
288,83,1
288,1463,4
288,5403,3
288,4647,5
288,5170,2
288,4969,3
288,7002,3
288,257,3
288,960,5
288,2808,5
288,2840,3
288,3964,4
288,5029,5
288,4915,3
289,5340,5
289,2411,4
289,3826,5
289,6104,4
289,6627,5
289,4061,5
289,3572,4
289,4199,4
289,3276,4
289,1581,4
289,2048,4
289,1416,4
289,1621,2
289,5628,3
289,6930,1
289,5876,4
289,2302,4
289,3218,3
289,842,5
289,4781,4
289,6497,5
289,6278,4
289,4813,1
289,2552,3
289,1357,3
289,6505,5
289,1686,4
290,1762,5
290,5381,3
290,3044,4
290,3047,3
290,1188,3
290,6385,2
290,2575,3
290,1001,3
290,78,3
290,2609,4
290,5638,5
290,89,5
291,4701,5
291,5294,4
291,3454,5
291,5588,4
291,6194,2
291,3565,3
291,2603,3
291,6663,4
291,2622,4
291,1623,3
291,1614,4
291,406,5
292,3782,4
292,2329,2
292,1073,2
292,6894,5
292,3299,5
292,303,3
292,4370,5
292,4321,4
292,320,4
292,2763,3
293,385,5
293,3222,5
293,2444,5
293,5705,4
293,3723,1
293,4041,4
293,6952,2
293,5251,5
293,994,1
293,6906,1
293,3063,3
293,5062,3
293,841,4
293,239,5
293,1835,4
293,391,4
293,6762,5
293,85,4
293,1136,2
293,861,3
293,2644,2
293,7056,4
293,5632,5
293,5933,5
293,3569,4
293,1854,4
293,1394,4
293,721,3
293,1565,4
294,2298,2
294,2637,1
294,6329,3
294,5987,5
294,3954,3
294,1850,2
294,752,3
294,2161,4
294,6276,4
294,2426,5
294,5827,5
294,678,3
294,2891,4
294,4575,3
294,6844,4
294,1985,5
294,5402,3
294,5301,4
294,6023,5
294,7011,5
294,1686,4
294,5693,5
294,639,3
294,615,3
294,4051,3
295,4728,3
295,5311,5
295,836,2
295,1206,4
295,3776,3
295,877,4
295,6103,4
295,902,2
295,1970,3
295,135,2
295,3775,4
295,1532,5
295,2185,4
295,234,3
295,3901,4
295,5422,4
295,4349,4
295,3708,4
295,2883,4
296,5294,4
296,2039,3
296,909,5
296,1798,4
296,943,4
296,435,4
296,292,3
296,4712,5
296,2180,4
296,1955,4
296,539,3
297,2847,5
297,5217,3
297,2359,3
297,5782,2
297,4884,3
297,6011,5
297,25,2
297,772,1
297,1516,4
297,4122,3
297,5738,3
297,5096,3
297,3905,2
297,6054,4
297,2501,5
297,6984,4
298,4777,3
298,8,4
298,4000,4
298,2027,4
298,3871,4
298,896,3
298,370,4
298,6708,5
298,142,3
298,4647,3
298,5570,4
298,2381,4
298,6843,5
298,1870,5
298,4303,4
298,4121,3
298,1370,4
298,6184,4
298,1200,2
298,6350,4
298,769,3
298,819,5
298,2495,4
298,6585,1
298,6030,4
299,2944,3
299,1690,1
299,6097,4
299,731,3
299,1587,4
299,3094,4
299,5232,4
299,884,5
299,2243,5
299,5135,3
299,5560,5
299,4463,4
299,3680,4
299,4316,4
299,1433,3
299,2173,5
299,5562,4
299,2857,4
299,2713,3
299,3203,3
299,4826,5
299,3418,1
299,2263,1
300,6762,4
300,4858,5
300,1011,4
300,435,5
300,4000,5
300,2505,2
300,41,5
300,3525,4
300,2885,5
300,5408,3
300,6833,1
300,5,5
300,408,3
300,2059,4
300,1128,4
300,2868,4
300,2320,5
300,6432,5
300,7037,5
301,2545,2
301,1419,4
301,4619,4
301,3570,4
301,5561,4
301,2641,4
301,6589,4
301,4736,4
301,1140,5
301,5597,4
301,6288,5
301,1634,1
301,2048,5
301,1111,2
301,3410,2
301,4540,5
301,2466,5
301,2498,4
301,701,4
301,2435,4
301,4642,5
301,5147,5
301,3777,2
301,4471,5
301,1502,2
301,3079,4
301,6409,4
301,6830,5
301,3579,4
302,693,4
302,448,4
302,2213,5
302,6798,2
302,5323,4
302,876,4
302,2731,5
302,4868,5
302,797,4
302,6733,4
302,2380,5
303,1831,3
303,5535,2
303,5240,3
303,6981,5
303,1267,4
303,2464,3
303,5146,2
303,2546,1
303,5891,4
303,52,4
303,6599,5
303,3972,3
303,5109,4
303,5634,3
304,6895,2
304,6944,5
304,4478,3
304,2132,4
304,6731,4
304,5019,3
304,5581,4
304,3597,3
304,7039,2
304,5391,4
304,5055,4
304,1009,3
304,3541,4
304,1198,5
304,5211,4
304,177,5
304,1513,2
305,3744,3
305,984,5
305,4622,4
305,3190,5
305,90,4
305,4755,3
305,2480,5
305,279,4
305,5284,2
305,5328,4
305,5383,4
305,5078,5
305,3641,3
305,349,5
305,2905,5
305,1141,3
305,3833,5
305,5923,3
305,3754,4
306,3962,2
306,3084,2
306,3864,5
306,4963,4
306,5398,5
306,1477,5
306,4718,5
306,5804,5
306,4153,3
306,6352,5
306,5397,3
306,4304,5
306,2123,5
306,1060,4
306,5716,2
306,2654,4
306,4823,2
306,4757,5
306,2851,2
306,4788,5
306,5058,4
306,6798,5
306,3307,5
306,553,3
306,368,4
306,241,4
306,6979,5
306,6003,4
306,1303,3
306,1898,3
307,5561,5
307,2343,4
307,1847,5
307,1648,3
307,6079,4
307,1327,5
307,3555,5
307,6666,4
307,4329,3
307,6624,3
307,6471,5
307,1575,4
307,704,4
307,4768,5
307,198,5
307,5153,5
307,5477,4
307,788,4
307,1667,5
307,272,4
307,6635,2
307,1151,4
307,42,2
307,2945,4
308,4927,4
308,4428,5
308,2710,3
308,184,3
308,1835,4
308,6728,3
308,2374,4
308,6784,4
308,2059,3
308,3198,4
308,5761,4
309,4774,2
309,3858,4
309,2154,5
309,5351,5
309,245,4
309,264,5
309,2769,3
309,3452,2
309,2137,5
309,1642,5
309,2740,5
309,6264,5
309,486,1
310,3409,1
310,4900,4
310,6056,4
310,5017,4
310,660,3
310,4517,5
310,3922,5
310,1060,1
310,2216,2
310,5925,5
310,341,5
310,852,4
311,5586,4
311,5600,3
311,6045,5
311,148,3
311,4526,2
311,3949,1
311,427,4
311,3171,5
311,6272,5
311,3090,4
311,5697,1
311,1025,5
311,3520,5
311,5745,3
311,3496,2
311,4501,2
311,1128,4
311,946,3
311,3587,3
311,966,4
311,5043,5
311,3012,5
312,4965,5
312,3258,5
312,3921,5
312,5386,4
312,1002,3
312,5378,4
312,629,4
312,625,5
312,2049,3
312,4453,5
312,1686,3
312,4054,4
312,5777,2
312,6022,3
313,5779,4
313,5094,5
313,3983,5
313,2291,1
313,642,5
313,1667,3
313,1123,4
313,6892,3
313,4267,5
313,1888,2
313,2498,5
313,6077,4
313,4529,1
313,1726,4
313,1005,4
313,3050,3
313,5938,4
313,6687,4
313,6454,4
313,1162,4
313,293,1
313,1925,5
313,5720,5
314,6180,5
314,2754,5
314,6784,4
314,2150,4
314,6637,4
314,6171,4
314,4841,3
314,1773,4
314,6203,5
314,224,5
314,2793,2
314,5945,1
314,6793,5
314,5091,5
314,3555,2
314,7092,3
314,3502,4
314,6411,3
314,5973,4
314,6024,4
314,6163,4
314,467,4
314,6614,5
314,894,5
314,4532,4
314,3179,2
314,5908,4
314,5553,3
314,2354,3
315,3635,4
315,3790,2
315,141,5
315,3603,4
315,72,5
315,3821,4
315,303,3
315,2938,5
315,3933,3
315,5224,4
315,6916,3
315,4559,3
315,1784,5
315,3347,4
315,479,3
316,315,4
316,1509,2
316,5606,2
316,4151,3
316,7049,4
316,3607,5
316,4750,4
316,2599,2
316,343,4
316,4533,3
316,5876,1
316,1867,4
316,498,4
316,5853,5
316,2122,5
316,2108,4
316,132,5
316,5557,3
316,6921,1
316,7024,4
316,6958,3
316,2894,3
316,4427,4
316,5884,2
316,366,3
316,4919,3
316,1922,5
316,2864,5
316,894,5
316,634,5
317,3103,4
317,6805,5
317,4773,4
317,267,2
317,5382,5
317,5949,5
317,1229,4
317,3121,4
317,6247,4
317,5318,3
317,642,3
317,633,4
317,1839,5
317,4631,3
317,4124,5
317,4705,5
318,3734,4
318,2578,3
318,6129,5
318,945,3
318,5677,5
318,1974,5
318,3645,5
318,6003,3
318,3358,5
318,2964,4
318,652,4
318,2883,4
318,4591,5
318,4142,3
318,626,2
318,2967,4
318,5352,4
319,4718,5
319,4048,4
319,5182,2
319,6329,5
319,1622,5
319,1473,1
319,3719,3
319,127,2
319,1366,4
319,989,4
319,3429,4
319,2157,4
319,6271,2
319,4543,4
320,5832,4
320,2403,5
320,975,4
320,2759,5
320,6756,5
320,2757,5
320,4845,5
320,4986,4
320,5051,5
320,882,4
320,5916,3
320,370,1
320,604,4
320,6051,4
320,2907,4
320,3677,3
320,3349,3
321,2288,4
321,6332,4
321,793,4
321,1902,2
321,2435,3
321,4041,2
321,2794,3
321,395,4
321,4621,5
321,4240,3
321,4302,5
321,4749,5
321,4163,5
321,6914,5
321,3495,4
321,2336,2
321,2644,3
321,3146,5
321,2609,5
321,6203,1
321,1461,5
321,1173,5
321,343,4
321,6668,5
321,6018,1
321,5988,5
321,1725,1
321,3526,3
322,3493,5
322,5997,5
322,3644,3
322,4267,4
322,1033,3
322,6807,4
322,3717,4
322,2416,5
322,897,5
322,5867,3
322,5786,5
322,6920,4
322,982,5
322,3640,5
322,3541,3
322,4040,5
322,2154,4
322,711,5
322,7082,1
322,1120,4
322,2281,1
322,5993,2
322,5478,4
322,954,5
322,2897,4
322,6583,3
322,647,3
322,6097,5
323,2315,4
323,1079,3
323,1626,3
323,5200,4
323,726,5
323,4229,5
323,7021,5
323,5925,5
323,6139,4
323,1754,4
323,26,4
323,3557,4
323,551,4
323,4019,3
323,4568,3
323,5007,5
323,1708,5
323,5816,5
323,1459,4
323,317,4
323,3425,3
323,5635,4
323,2155,3
323,5024,5
323,3115,4
324,5709,4
324,3261,4
324,5773,3
324,1049,4
324,6338,4
324,3962,5
324,6882,4
324,6592,3
324,7077,2
324,4007,4
324,4923,3
324,3375,4
324,5629,1
324,1923,4
324,237,3
324,2383,5
324,2194,4
324,4157,5
324,1762,2
324,6971,5
324,6412,4
325,4955,4
325,4421,4
325,163,4
325,5916,4
325,172,3
325,6573,3
325,3106,4
325,739,5
325,6393,3
325,5773,5
325,2730,5
325,2889,3
325,6281,3
325,6275,5
326,295,1
326,6926,3
326,164,1
326,6185,4
326,4313,4
326,839,1
326,4108,5
326,3259,5
326,6482,4
326,3972,4
327,7061,5
327,695,5
327,626,3
327,605,4
327,4132,3
327,5915,3
327,5762,4
327,6245,1
327,6001,3
327,3402,3
327,165,3
327,120,4
327,6083,4
327,6801,3
327,4437,2
327,4955,5
327,1243,4
327,782,4
328,4150,2
328,2003,4
328,3132,2
328,141,4
328,4071,3
328,5960,5
328,3224,4
328,3053,2
328,6248,4
328,4477,5
328,5853,4
328,887,5
328,3704,5
328,1835,2
328,4733,4
328,203,4
328,3255,5
328,6317,5
328,1901,1
328,3662,4
328,3029,4
328,3905,5
328,4613,3
328,892,3
328,5265,4
328,2544,4
328,2723,4
329,1931,3
329,2636,5
329,3779,4
329,5807,5
329,3956,4
329,4214,4
329,4544,3
329,7034,4
329,6059,3
329,6005,5
329,667,4
329,860,4
329,3487,4
329,5728,4
329,634,4
329,3077,2
329,1042,4
329,6200,3
329,111,4
329,1327,5
329,4259,4
329,6128,3
329,995,4
329,1361,5
329,1616,5
329,3584,5
329,931,5
329,319,2
329,3474,4
329,4056,5
330,2602,3
330,3410,2
330,1468,4
330,1231,2
330,3854,4
330,549,4
330,45,2
330,2554,4
330,5746,5
330,1537,3
331,1578,5
331,2249,5
331,2328,4
331,6723,4
331,3491,3
331,4787,4
331,5974,2
331,2504,3
331,3008,3
331,5115,4
332,6528,5
332,4278,4
332,4811,5
332,5282,3
332,6275,1
332,3137,3
332,2704,3
332,4715,5
332,6324,4
332,6991,2
332,4851,4
332,4954,1
332,2271,2
332,6613,5
333,4191,4
333,6612,4
333,3601,4
333,3484,3
333,5446,4
333,3864,4
333,2679,5
333,2478,5
333,4099,5
333,6225,5
333,960,5
333,1972,5
333,4588,5
333,3221,4
334,5694,4
334,6463,5
334,2052,5
334,5614,3
334,985,4
334,4570,3
334,3566,4
334,5341,3
334,2852,5
334,1458,5
334,207,4
334,7095,1
334,2995,3
334,7007,4
334,3818,4
334,6313,4
334,5488,5
334,2834,5
334,5967,3
334,3474,2
334,1751,4
334,5054,1
334,4585,5
334,1564,4
334,3133,4
335,4016,2
335,1423,4
335,3878,5
335,6143,3
335,5304,5
335,6148,3
335,4469,5
335,6614,4
335,851,5
335,312,3
335,3027,4
335,236,5
335,5021,5
335,5843,3
335,1254,5
335,5780,5
335,6030,4
335,1449,1
335,6970,4
335,1078,4
335,678,4
335,3437,2
335,6832,3
335,6928,5
336,5971,5
336,2184,5
336,687,1
336,1413,3
336,3632,4
336,364,3
336,2257,4
336,4985,4
336,1627,4
336,5641,4
336,4140,2
336,3352,2
336,1416,5
336,5204,3
337,5133,3
337,164,2
337,6280,3
337,1387,3
337,6461,3
337,85,5
337,1781,3
337,5226,3
337,3068,4
337,3771,3
337,665,4
337,5933,4
337,2021,3
337,2521,4
337,6859,4
337,5577,4
337,5261,5
337,7082,1
337,1565,5
337,6122,4
337,6191,4
337,6046,3
337,1087,5
337,2543,3
337,436,5
337,3107,5
337,5782,3
337,2351,4
338,4518,4
338,6798,4
338,6087,1
338,6506,5
338,2203,4
338,743,5
338,4204,1
338,6335,4
338,1726,3
338,2115,4
338,1787,2
338,3831,5
338,2136,3
338,257,4
338,944,3
338,4235,1
338,5393,5
338,5170,4
338,1527,4
338,3892,4
338,1145,4
338,3827,5
338,4807,3
338,2645,4
338,3049,3
338,4618,4
339,328,5
339,1919,3
339,6251,5
339,4153,5
339,883,2
339,3448,3
339,3488,5
339,6341,5
339,2206,3
339,4730,5
339,3282,5
339,4858,4
339,233,3
339,1343,1
339,4195,2
339,1363,5
339,2462,3
339,4889,2
339,5714,3
340,3576,4
340,738,4
340,5932,3
340,2004,4
340,1262,4
340,5609,4
340,4549,3
340,6927,5
340,6353,4
340,3065,3
340,40,5
340,3910,4
340,1305,3
340,2823,3
340,818,4
340,3856,5
341,3226,3
341,4375,3
341,587,4
341,2841,3
341,4000,4
341,5487,4
341,6065,3
341,4804,4
341,220,5
341,1816,1
341,4985,5
341,1459,4
341,6290,3
341,1926,4
341,3023,5
341,2967,4
341,2784,2
341,4107,4
341,6743,2
341,13,5
341,5001,5
341,4908,1
341,6157,3
341,3261,4
341,632,4
341,5288,4
341,1884,4
341,1131,5
341,4095,4
342,2481,4
342,3481,4
342,2118,3
342,6078,4
342,5194,4
342,949,5
342,4944,5
342,6611,4
342,6573,4
342,3688,4
342,4112,3
343,5796,4
343,4834,3
343,2112,3
343,1618,3
343,4218,5
343,6658,4
343,5034,3
343,5960,4
343,3727,1
343,3562,3
343,397,4
343,3807,4
343,2307,4
343,326,1
343,995,5
343,4010,3
343,3770,2
343,3007,2
343,410,5
343,4909,4
344,2250,5
344,2829,4
344,3752,5
344,5644,2
344,5056,5
344,1999,5
344,6763,4
344,6839,1
344,6002,5
344,6721,3
344,4288,4
344,4661,5
344,3755,5
344,332,4
344,626,2
344,2675,3
344,3053,3
344,313,3
344,1202,4
344,4991,5
344,5929,3
344,5224,5
344,6655,4
345,1762,2
345,6231,3
345,3579,4
345,2251,5
345,6118,3
345,5643,3
345,6375,1
345,1521,3
345,2267,2
345,4108,3
345,5500,5
345,374,5
345,4953,4
345,3265,4
345,1484,3
345,5555,4
345,2334,5
345,2233,1
345,41,3
345,3335,3
345,1696,4
345,153,4
345,6406,5
345,3394,3
345,5383,4
346,2094,4
346,3300,3
346,264,4
346,5412,4
346,6981,4
346,4680,4
346,643,5
346,5172,5
346,3985,3
346,4598,5
346,2828,5
346,680,4
346,1700,4
346,6127,4
346,4338,5
346,3024,2
346,2490,4
346,2390,3
346,6151,2
346,2583,3
346,3698,5
346,5525,5
347,4506,4
347,3346,5
347,2883,4
347,6154,4
347,1783,5
347,3425,4
347,4909,5
347,2284,3
347,2616,3
347,6311,4
347,2975,3
347,5163,4
347,865,3
347,5441,5
347,5626,4
347,5186,4
347,6240,5
347,5211,4
347,2603,4
347,4114,4
347,4387,2
347,4362,4
348,4911,4
348,4674,5
348,5997,1
348,3348,4
348,187,5
348,2662,4
348,4995,4
348,2047,3
348,1363,5
348,4663,4
348,5124,5
348,3865,3
349,5839,3
349,1636,5
349,2643,3
349,1086,4
349,2400,5
349,530,1
349,253,1
349,1695,4
349,4731,5
349,3777,5
349,3761,5
349,2007,2
349,5600,4
349,4941,3
349,3634,5
349,1981,2
349,6527,5
349,1448,4
349,3779,4
349,4097,1
349,5254,4
349,910,5
349,6583,3
349,4948,4
349,6863,5
350,2976,2
350,3272,3
350,5870,5
350,4190,5
350,5154,2
350,5321,3
350,3604,4
350,3510,3
350,6450,5
350,1016,5
350,848,3
351,2703,4
351,5259,3
351,5682,4
351,606,3
351,3753,3
351,5808,1
351,4026,2
351,6164,4
351,2004,1
351,6201,5
351,2129,4
351,2805,5
351,2419,3
352,4650,3
352,5192,4
352,2496,4
352,3893,1
352,5841,3
352,3603,3
352,5515,4
352,2415,3
352,1265,5
352,6092,5
352,6596,5
352,5694,4
352,1053,4
352,1200,3
352,4976,3
353,4809,4
353,6984,4
353,4104,4
353,2574,2
353,4287,3
353,3066,3
353,3096,3
353,7089,4
353,3975,5
353,5311,2
353,1385,3
353,4302,4
353,3948,4
353,1436,4
354,6881,4
354,6113,1
354,6928,4
354,6708,5
354,6415,4
354,6452,3
354,4293,5
354,1870,5
354,6073,4
354,1659,2
355,3658,5
355,4642,3
355,4283,5
355,2031,3
355,2004,5
355,2097,3
355,6531,3
355,6057,5
355,1496,5
355,5650,5
355,5331,5
356,4280,2
356,2480,5
356,498,2
356,1701,4
356,1864,4
356,1998,4
356,4797,2
356,6239,4
356,4761,4
356,3909,3
356,3803,1
356,805,4
356,4398,5
356,6401,5
357,6368,3
357,5264,5
357,1595,3
357,4824,3
357,6600,4
357,5201,3
357,5033,4
357,6189,5
357,3737,5
357,4,4
357,2062,3
357,6181,5
357,3335,4
357,4926,3
357,2217,2
357,4035,4
357,5170,3
357,1446,5
357,2692,4
357,4155,4
357,3959,4
357,4212,3
357,2324,5
357,5286,5
358,2516,3
358,4110,5
358,2501,5
358,2621,5
358,6278,4
358,4345,3
358,3865,5
358,843,5
358,5609,4
358,2458,5
358,4993,5
358,1722,3
358,4677,5
358,5504,4
358,1266,5
358,2652,3
359,2508,1
359,2733,5
359,5953,2
359,2899,4
359,6793,4
359,6104,2
359,2583,4
359,3684,3
359,2523,5
359,3484,3
359,4614,4
359,3223,3
359,6247,5
359,3417,1
360,6479,4
360,3132,5
360,2668,1
360,4571,4
360,4587,4
360,6054,5
360,1633,4
360,6532,3
360,1761,4
360,5059,4
360,4120,2
360,3605,4
360,7015,3
360,2244,4
360,875,5
360,609,2
360,1991,2
360,1314,5
360,2666,3
360,5921,5
360,3929,4
360,5908,3
360,4857,3
361,4702,5
361,1638,2
361,4602,5
361,720,5
361,3590,3
361,2008,5
361,2685,5
361,4691,4
361,4477,5
361,6248,3
361,5412,4
361,2135,4
361,4560,3
361,4350,4
361,6695,5
361,2387,3
361,5648,5
361,179,1
361,1150,2
362,3500,3
362,3246,2
362,6603,2
362,3984,2
362,6538,4
362,393,2
362,6813,3
362,4328,4
362,493,5
362,4196,4
362,3059,4
362,132,4
362,4634,3
362,3581,2
362,262,4
362,4130,5
362,6539,4
362,2679,5
362,6472,5
362,4413,3
362,4030,3
362,2315,3
362,4708,4
363,4323,4
363,6398,3
363,5673,4
363,6057,4
363,6719,5
363,3542,4
363,175,4
363,3288,5
363,4708,5
363,2406,3
363,52,5
363,5109,3
363,6784,3
363,3194,1
363,154,4
363,69,5
363,1845,5
363,2640,4
363,3499,5
363,1232,3
363,2120,3
363,7008,3
363,1825,3
363,4787,3
364,2220,3
364,1908,4
364,1779,5
364,6327,2
364,2910,3
364,223,5
364,1124,5
364,3601,2
364,1008,5
364,6833,2
364,3072,4
364,208,4
364,3636,5
364,6094,3
364,6997,3
364,6061,5
364,1708,5
364,3116,4
364,403,3
364,3660,2
364,3592,4
364,3270,1
364,1627,5
365,7024,4
365,819,3
365,2905,2
365,2952,3
365,2539,4
365,6852,2
365,534,3
365,3556,4
365,6945,5
365,5341,2
365,2463,5
365,1878,5
365,5744,4
365,691,4
365,5328,4
365,5272,3
365,6636,3
365,3192,5
365,3861,5
365,129,5
365,2250,5
365,5977,3
366,6443,1
366,1330,1
366,245,1
366,4075,4
366,1671,5
366,2507,2
366,3306,4
366,5122,4
366,3057,5
366,6892,5
366,2172,3
366,5094,2
366,2630,3
367,754,4
367,3439,5
367,543,3
367,920,3
367,3896,4
367,3804,5
367,3400,4
367,7013,2
367,4396,4
367,3607,5
367,1101,4
367,7019,2
367,4941,4
367,6630,5
367,5217,2
367,5,4
367,2551,5
368,2312,4
368,5038,4
368,862,4
368,2046,5
368,1853,1
368,2053,5
368,1512,4
368,5980,1
368,5401,3
368,2466,3
368,2692,2
368,5820,1
368,3785,5
368,5475,3
368,4839,3
368,4259,4
368,4234,4
368,4728,3
368,2185,4
368,6225,5
368,1078,4
368,2686,4
369,3712,5
369,5089,4
369,2152,4
369,4471,4
369,3603,4
369,965,3
369,6102,4
369,2288,2
369,5369,4
369,6295,4
369,4214,5
369,2763,2
369,2762,3
369,1526,4
369,2091,2
369,2793,4
370,1034,1
370,2847,5
370,2515,4
370,3707,4
370,3573,3
370,4532,5
370,679,4
370,7102,5
370,4134,4
370,1495,3
370,3256,5
370,6717,4
370,4185,4
370,1596,2
370,1160,3
370,6881,4
370,5575,4
370,1817,5
370,6356,5
371,4430,3
371,4994,5
371,3473,3
371,7031,2
371,1656,5
371,2280,4
371,400,3
371,3283,5
371,2428,4
371,3193,2
371,4274,5
371,3450,2
371,3903,4
371,3833,3
372,3205,5
372,6441,4
372,1306,4
372,5292,3
372,3432,2
372,3203,3
372,4844,3
372,1584,4
372,2036,4
372,6834,4
372,2870,5
372,577,4
372,1853,3
372,2262,4
372,1150,5
372,3288,4
372,1011,4
373,576,3
373,6178,5
373,5898,5
373,2796,4
373,2229,3
373,335,4
373,3125,2
373,6864,5
373,2092,5
373,924,5
373,5135,3
373,3821,5
373,3489,4
373,4792,5
374,3454,5
374,464,4
374,5226,4
374,861,3
374,7087,4
374,6307,3
374,2295,5
374,6900,5
374,5931,4
374,6000,4
374,2259,4
374,2061,4
374,5245,5
374,4160,4
374,2693,1
374,3437,2
374,5463,5
374,6850,4
374,2058,2
374,2921,2
374,680,5
374,105,3
374,828,4
375,3455,4
375,6678,3
375,3225,3
375,5884,4
375,6097,1
375,326,4
375,2845,5
375,5300,4
375,6456,4
375,3606,4
375,6981,5
375,3774,3
375,4696,5
375,7073,3
375,4282,4
375,305,4
375,3266,5
375,6661,3
375,6596,4
375,5145,5
375,6098,4
375,6370,5
375,3537,5
375,5481,5
375,210,3
375,1769,4
375,4644,2
375,1480,4
375,197,4
376,2593,5
376,6788,4
376,2505,5
376,829,5
376,5914,5
376,740,5
376,5238,3
376,3326,2
376,2563,4
376,5093,5
376,4073,5
376,1525,4
376,6197,5
376,3135,4
376,1656,4
376,2168,4
376,7012,3
377,5829,2
377,4898,4
377,5432,5
377,3314,5
377,6981,5
377,2157,5
377,1194,4
377,5864,5
377,2786,3
377,4364,3
377,2898,5
377,3250,3
378,5468,2
378,2242,3
378,215,5
378,4050,5
378,1838,4
378,6825,4
378,5694,4
378,1793,5
378,2009,3
378,1850,3
378,3607,4
378,5307,4
378,6648,4
378,1769,5
379,6117,3
379,2142,4
379,5789,2
379,6527,5
379,2981,5
379,6581,4
379,6567,4
379,2159,3
379,3533,5
379,3032,4
379,2986,5
379,1922,5
379,2622,4
379,4426,4
379,2925,5
379,631,4
379,5678,4
379,1101,2
379,2635,4
379,7044,4
379,6778,4
379,5754,5
380,181,3
380,4587,3
380,3673,5
380,4579,1
380,5327,4
380,471,4
380,2847,5
380,3904,2
380,5786,4
380,1211,4
380,522,3
380,5587,4
380,2903,3
380,535,3
380,5888,5
381,3335,3
381,1181,4
381,6277,5
381,4420,3
381,5581,3
381,4807,4
381,2576,4
381,7067,2
381,55,2
381,4993,5
381,433,4
381,5833,5
381,6180,4
381,2935,4
381,4812,4
381,980,2
381,6345,3
381,581,2
381,5028,4
381,521,5
381,4339,5
381,3389,4
381,5983,3
381,1320,4
381,6001,3
381,1594,5
382,668,5
382,2782,3
382,3700,4
382,6158,3
382,770,3
382,4291,3
382,2111,5
382,167,5
382,4965,4
382,498,4
382,4563,5
382,484,5
382,5592,5
382,3056,3
382,782,2
382,1380,5
382,14,1
382,4334,1
382,103,4
382,38,5
382,2677,5
382,3151,5
382,2508,3
382,226,3
382,6553,3
382,4653,3
382,4615,4
382,3070,5
382,7039,4
382,568,4
383,2763,5
383,3724,5
383,5394,2
383,4489,4
383,6813,4
383,3185,3
383,6423,4
383,3669,4
383,953,4
383,5478,4
383,4542,4
383,536,3
383,2771,3
383,2017,4
383,2995,3
383,1158,5
383,1961,4
383,6697,4
383,4020,2
383,1542,1
383,6504,2
383,3311,4
383,340,4
383,2935,3
383,480,5
383,3935,5
383,6642,5
383,6910,4
383,5403,4
384,1540,1
384,730,1
384,2515,5
384,4812,4
384,6126,4
384,4679,4
384,4446,5
384,1420,4
384,5250,4
384,2569,4
384,6055,5
385,3037,1
385,5579,3
385,5727,5
385,366,5
385,1757,5
385,808,5
385,3745,5
385,1521,4
385,1815,5
385,5836,1
385,2623,2
385,597,3
385,5849,4
385,1667,5
385,4057,4
385,1693,4
385,4678,5
385,5246,4
385,5021,3
385,127,5
385,370,5
385,3125,3
385,1687,4
385,5647,4
385,952,4
385,2379,3
386,6690,3
386,6383,4
386,3999,2
386,2076,5
386,4916,4
386,85,3
386,5132,3
386,5673,5
386,3239,3
386,342,4
386,5701,5
386,6284,4
386,3679,4
386,1055,3
386,5430,4
386,5648,2
387,3235,2
387,6741,3
387,1655,5
387,708,3
387,4544,5
387,6934,5
387,4079,3
387,1644,4
387,1041,4
387,4245,2
387,292,4
387,3841,1
387,3922,5
388,6295,2
388,1723,4
388,5938,5
388,2604,4
388,358,3
388,4659,4
388,116,3
388,1251,5
388,2796,1
388,7040,4
388,2054,5
388,1437,4
388,2868,3
388,3784,3
388,1643,4
388,5276,3
389,5609,2
389,533,2
389,3358,3
389,4243,4
389,4376,4
389,143,5
389,5067,5
389,5902,2
389,1391,3
389,5931,4
389,2635,4
389,3034,2
389,314,4
390,4681,4
390,5282,3
390,3162,5
390,2313,5
390,5616,5
390,5046,4
390,3168,1
390,3683,5
390,6128,2
390,1946,4
390,5594,5
390,4018,4
390,5018,3
390,2048,4
390,2827,5
390,5215,4
390,3727,5
390,3925,4
390,1254,4
390,3720,5
390,4394,4
390,2950,4
390,1833,4
390,1182,3
390,2349,4
391,1686,4
391,2015,4
391,1777,5
391,5837,5
391,1564,5
391,4656,4
391,1594,3
391,5974,3
391,5401,5
391,6423,4
391,5069,5
391,2977,4
391,3795,5
391,4490,1
391,7065,3
391,6258,4
391,6488,3
391,3344,5
391,3070,4
391,5275,5
391,2514,4
391,1749,4
391,3218,5
391,1157,3
391,3852,3
391,890,3
392,6247,2
392,3986,1
392,2590,5
392,5000,2
392,6253,5
392,5016,3
392,4346,5
392,6023,3
392,5145,3
392,289,3
392,5539,5
392,795,4
392,6446,5
392,535,4
393,3891,4
393,2773,5
393,5763,5
393,1435,4
393,2373,2
393,2484,4
393,831,5
393,6572,2
393,4602,4
393,1309,4
393,1245,3
393,1337,1
393,3401,4
393,970,5
393,4360,5
393,5065,4
393,3356,3
393,1296,5
393,4601,5
393,4524,5
393,5150,4
393,3846,5
393,5733,5
393,2303,5
394,1451,3
394,1105,5
394,5112,5
394,2458,2
394,5549,4
394,3224,5
394,1224,1
394,909,5
394,6479,4
394,5479,3
394,1614,5
394,5195,3
395,4263,4
395,192,4
395,4010,3
395,2609,1
395,1367,5
395,426,5
395,5319,1
395,1956,4
395,5738,3
395,2511,3
395,2155,4
395,3677,4
395,3546,4
395,2764,3
395,331,4
395,2235,4
395,6143,4
395,6223,5
396,3335,5
396,5794,5
396,2802,2
396,1084,2
396,2836,4
396,5891,3
396,2142,5
396,4525,5
396,1580,5
396,4004,1
396,2307,1
396,2184,5
396,682,5
396,3685,4
396,5503,3
396,694,4
396,6598,5
396,5457,4
396,2610,5
396,7057,5
396,4168,2
396,929,2
396,188,5
397,6111,3
397,664,4
397,1520,4
397,751,3
397,5883,5
397,750,4
397,31,3
397,3546,3
397,6484,4
397,5616,5
397,1909,2
397,1722,3
397,409,1
397,5873,3
397,650,3
397,3169,2
398,4713,5
398,1551,5
398,5734,4
398,1015,4
398,5757,5
398,6239,3
398,620,5
398,1541,2
398,1532,2
398,6951,3
398,2632,5
398,6195,4
398,1865,5
398,1330,2
398,3233,5
398,5204,5
398,6848,1
398,4852,5
398,2430,2
398,4927,4
398,3377,5
398,4150,4
398,5247,4
398,2338,4
398,1787,2
398,3494,3
398,2055,5
399,2933,5
399,6080,5
399,6643,4
399,3935,5
399,3034,4
399,4093,2
399,2459,5
399,6253,4
399,4006,1
399,2567,2
399,4472,3
399,6102,5
399,1558,4
399,1868,4
399,4810,1
399,1397,5
399,349,4
399,5659,3
399,2890,4
399,3356,3
399,3808,2
399,3781,4
399,2657,2
399,6522,3
400,4074,4
400,3213,5
400,1296,4
400,2486,5
400,6797,3
400,6994,5
400,4500,2
400,2274,5
400,1865,2
400,1556,3
401,4979,3
401,2370,5
401,1158,5
401,1926,5
401,4249,4
401,4048,5
401,6583,2
401,1772,4
401,3410,4
401,4018,3
401,106,3
401,2523,3
401,5173,5
401,1299,3
401,2773,5
401,5164,5
401,2544,5
401,5603,4
401,5066,4
401,3514,3
401,5010,3
401,998,2
401,4907,3
401,1060,4
401,4338,5
402,5800,4
402,4856,2
402,4992,4
402,1941,4
402,6662,5
402,6714,5
402,2040,3
402,4002,4
402,4614,5
402,3848,5
402,158,3
402,2567,2
402,4185,5
402,783,2
402,3146,3
402,6145,4
402,1215,3
403,3953,4
403,4602,5
403,1197,5
403,6419,3
403,2234,3
403,2621,3
403,3970,1
403,2573,4
403,4954,4
403,4393,4
403,1638,5
403,6751,5
403,6641,4
403,5290,4
403,1541,3
403,4895,4
403,4956,3
403,986,5
403,2421,4
403,6008,3
403,496,4
403,6025,3
403,1596,4
403,4288,3
403,6544,1
403,4129,2
403,2313,3
403,2033,4
403,6477,2
404,4506,5
404,208,5
404,5151,4
404,3557,5
404,5294,2
404,2653,2
404,3240,3
404,1458,5
404,2675,2
404,5022,4
404,6849,4
404,6230,2
404,282,3
404,5272,2
404,2317,4
404,2654,2
404,4633,4
404,6197,5
404,4657,4
404,322,4
404,4191,2
404,457,3
405,944,4
405,6248,1
405,2136,5
405,1862,5
405,1960,5
405,462,2
405,5281,3
405,5599,4
405,4568,4
405,198,4
405,429,4
405,5266,3
405,6904,1
405,5712,5
405,1847,4
406,328,4
406,1639,4
406,4830,5
406,294,3
406,1710,3
406,1880,4
406,4773,5
406,4026,5
406,58,3
406,2862,4
406,5749,4
406,660,3
407,6178,4
407,4977,5
407,2099,3
407,2740,2
407,1603,4
407,2679,2
407,2132,5
407,3216,3
407,976,5
407,5328,5
407,2337,3
407,3699,4
407,236,3
407,3649,4
407,4942,3
407,5336,4
408,5129,5
408,1882,4
408,4643,5
408,6910,2
408,2067,2
408,1776,1
408,4186,1
408,195,2
408,2538,1
408,101,3
408,1772,1
408,6795,4
408,1482,5
408,7048,5
408,2735,2
408,1690,4
408,4092,4
408,5897,5
408,3183,5
408,2681,4
408,3750,3
408,3201,4
408,4930,3
408,6175,1
408,1353,2
408,4027,2
408,3933,4
408,4594,5
408,4888,5
408,2337,5
409,5215,5
409,6096,4
409,5585,4
409,6494,3
409,248,5
409,3903,4
409,1430,5
409,117,3
409,922,2
409,705,4
409,5937,1
409,1923,4
409,3729,5
410,1433,1
410,108,4
410,4724,5
410,360,5
410,5378,4
410,516,5
410,6304,4
410,2300,3
410,5815,5
410,2306,1
410,5888,4
410,3925,4
410,1660,4
410,6569,4
410,2189,3
410,199,4
410,5498,4
410,2227,4
410,1540,2
410,1923,5
410,5649,3
410,3669,3
410,6638,4
411,2846,5
411,6285,3
411,2395,1
411,1209,4
411,6670,5
411,5510,4
411,6157,4
411,4051,4
411,5535,5
411,4442,3
411,3340,5
411,2951,2
411,3536,5
411,708,3
411,4932,4
411,2074,2
411,1127,4
411,2726,2
411,2938,4
411,5287,1
411,3822,2
411,3692,1
411,6174,5
411,4417,4
412,6059,4
412,1857,5
412,5603,3
412,5814,4
412,6453,4
412,2743,5
412,4007,2
412,957,4
412,2666,4
412,5995,5
412,6852,5
412,6528,3
412,3058,1
412,4492,5
412,3235,4
413,4056,2
413,1182,5
413,591,1
413,5692,1
413,2511,2
413,1981,3
413,6191,5
413,3326,2
413,2481,3
413,6760,5
413,1714,4
413,4439,4
413,5228,4
414,2459,5
414,2811,4
414,3176,4
414,3071,5
414,1707,5
414,2488,4
414,3510,5
414,5072,4
414,4830,5
414,3919,5
414,5203,2
414,5036,3
414,4860,2
414,343,3
414,5563,5
414,4025,4
414,258,2
414,4095,4
414,2618,3
414,2879,4
414,254,4
414,2095,3
414,5739,4
414,3879,5
414,7054,4
414,6535,4
414,3143,2
414,6167,4
414,4415,4
415,4147,5
415,3640,4
415,566,5
415,4112,3
415,1484,2
415,3794,4
415,2250,3
415,5710,4
415,4628,5
415,3179,1
416,2714,4
416,3495,5
416,898,5
416,5626,5
416,1268,2
416,6859,3
416,629,2
416,1631,5
416,3949,4
416,3983,1
416,2040,4
416,46,5
416,3172,4
416,6354,5
416,6099,5
416,6609,4
416,5356,4
416,1446,4
416,6328,1
416,3086,4
416,359,5
416,2476,2
416,1496,2
416,1830,5
416,2785,4
416,7090,4
416,5595,4
416,4780,3
416,6926,5
417,991,4
417,197,5
417,1327,4
417,707,4
417,4672,2
417,1530,1
417,5444,3
417,1609,3
417,3654,5
417,5405,4
417,4472,4
417,3058,4
417,4565,1
417,2154,4
418,4797,2
418,4346,4
418,72,4
418,2484,4
418,6647,5
418,1122,2
418,2617,2
418,1996,4
418,7049,5
418,3935,2
418,6563,4
418,1749,5
418,1545,4
418,5439,3
418,3889,5
418,3918,5
418,3921,4
418,1754,3
419,3329,3
419,488,5
419,6163,4
419,3537,5
419,351,4
419,2625,4
419,6394,5
419,3232,4
419,226,3
419,1577,4
419,5502,4
419,5951,2
419,3061,4
419,3201,4
419,3684,4
419,4967,5
419,6851,5
419,7101,5
420,3027,4
420,2272,5
420,3221,5
420,2300,4
420,3805,4
420,5326,5
420,6609,5
420,2797,4
420,2486,4
420,6851,4
420,4385,4
421,1124,5
421,3844,4
421,2761,4
421,745,3
421,5664,4
421,4011,4
421,2805,5
421,4364,5
421,4235,2
421,5049,5
421,5172,3
421,515,4
421,2061,4
421,5153,4
421,2197,3
421,2222,5
421,2367,4
421,4869,3
421,4206,5
421,1866,5
421,2564,4
421,2655,3
421,1961,5
421,4636,5
421,1566,3
421,2855,4
421,2509,4
421,1571,3
422,5874,5
422,2217,4
422,4654,4
422,3760,3
422,4402,5
422,2796,4
422,1198,4
422,2086,2
422,4964,4
422,590,3
422,2068,2
422,1019,2
422,3084,5
422,6661,5
422,4511,1
422,3220,2
422,26,2
422,545,4
422,1547,2
422,6651,2
422,2087,5
422,4055,4
422,3725,1
422,4510,4
422,4780,2
423,2765,3
423,5114,4
423,5894,5
423,2270,3
423,2328,4
423,3520,3
423,1971,3
423,1888,5
423,1805,5
423,5065,3
423,4945,4
423,4674,5
423,6158,2
424,2209,3
424,6631,5
424,3983,4
424,1020,4
424,783,3
424,2016,5
424,6925,5
424,3329,5
424,1810,1
424,1982,5
424,3764,3
424,4993,4
424,1356,4
424,1421,5
424,1805,3
424,2289,1
424,879,4
424,25,4
424,1956,4
424,5498,3
424,2527,2
424,3565,2
424,4748,5
424,7052,4
424,4912,3
424,6959,4
424,3167,3
424,3654,4
424,1748,3
425,1891,4
425,3108,4
425,4918,5
425,3847,5
425,198,2
425,5623,3
425,4614,3
425,1999,4
425,5287,5
425,5714,4
425,529,3
425,3704,5
425,5841,4
425,6554,4
425,179,5
425,3185,5
425,4683,5
425,2827,4
425,2945,5
426,5792,2
426,1300,2
426,756,4
426,5041,5
426,5696,3
426,4528,4
426,410,3
426,2051,2
426,649,5
426,4302,4
426,2090,4
426,3711,5
427,2361,3
427,4488,5
427,3852,4
427,3467,5
427,1375,4
427,1935,4
427,140,3
427,6616,4
427,1600,3
427,4936,5
427,5837,3
427,631,3
427,551,3
427,6331,5
427,831,4
428,3226,5
428,1105,4
428,1368,3
428,396,3
428,3842,3
428,1277,2
428,6934,3
428,1083,4
428,1981,5
428,7058,2
428,4988,4
429,2352,5
429,3774,5
429,4332,4
429,6544,4
429,4013,4
429,5550,5
429,6178,4
429,3235,5
429,4508,4
429,4435,3
430,1367,3
430,4121,1
430,7028,4
430,4093,4
430,1034,2
430,6593,5
430,298,5
430,1694,5
430,601,4
430,4913,3
430,3010,3
430,6897,1
430,2444,3
430,946,4
430,4951,4
430,3378,4
430,3134,4
430,3079,5
430,2453,4
430,3060,4
430,195,2
430,2576,5
430,3991,5
431,2420,4
431,3064,4
431,435,5
431,2871,5
431,3810,4
431,3166,4
431,5352,3
431,3550,5
431,639,3
431,4900,5
431,2408,2
431,2906,5
431,6726,3
432,4173,4
432,1791,3
432,5166,3
432,4268,4
432,3041,5
432,197,4
432,3672,5
432,3304,5
432,2736,4
432,6541,4
433,5969,1
433,6135,1
433,4639,2
433,4144,4
433,551,3
433,1256,5
433,6756,5
433,3095,4
433,2704,4
433,5411,5
433,5851,3
433,3603,5
433,5992,3
433,5919,1
433,5203,5
433,2188,5
433,1179,3
433,1164,5
433,6243,3
433,1608,4
433,763,2
433,5053,4
433,3144,5
433,2259,3
433,3230,5
433,1804,4
433,343,4
434,4727,3
434,4575,4
434,4488,5
434,6671,3
434,6079,1
434,2708,4
434,5173,3
434,5447,4
434,2674,4
434,4314,5
434,1274,4
434,5470,5
434,5586,3
434,6843,5
434,5870,2
434,4831,2
434,4260,3
434,5591,5
435,3803,4
435,1255,5
435,807,4
435,5712,5
435,4441,5
435,4143,2
435,2973,4
435,3380,4
435,6082,4
435,3275,5
435,3434,3
435,4641,4
435,2713,3
435,2450,4
435,664,5
435,1986,5
435,1330,4
436,3320,2
436,3523,2
436,6958,5
436,1926,1
436,2346,4
436,1992,4
436,5001,2
436,6590,5
436,1350,5
436,2753,4
436,1304,5
436,4898,1
436,2679,3
436,4861,2
436,3087,5
436,6989,4
437,5456,2
437,4685,4
437,716,4
437,331,4
437,1353,5
437,2537,3
437,2704,2
437,818,4
437,319,3
437,4774,4
437,674,4
437,323,2
437,5032,4
437,1,4
437,6729,1
437,1574,5
437,6467,4
437,1392,4
437,3201,5
437,6751,4
437,4017,4
438,5353,2
438,5780,4
438,6673,2
438,3285,2
438,3424,4
438,6610,2
438,1926,2
438,6506,5
438,6939,4
438,2533,4
438,5457,5
438,2675,4
438,1724,2
438,1971,4
438,3778,5
438,1218,4
438,5760,4
438,1271,5
438,301,3
439,5375,4
439,277,5
439,2983,5
439,1282,5
439,3201,4
439,1568,5
439,2826,5
439,541,5
439,400,3
439,257,5
439,6890,3
439,6988,3
439,6583,2
439,2065,5
439,3191,3
439,1528,1
439,6656,2
439,4076,4
439,3797,4
439,5393,3
439,3256,3
439,6420,3
439,5809,1
439,7066,1
439,2650,4
440,6555,3
440,5037,4
440,3055,4
440,2762,4
440,22,5
440,856,3
440,3955,5
440,6320,5
440,6752,1
440,4104,5
440,1652,4
440,1729,3
440,1210,5
440,2723,4
440,5573,3
440,5395,1
440,7026,4
440,6033,5
440,6095,2
440,4136,5
441,3797,3
441,4986,3
441,4684,5
441,1891,3
441,2581,1
441,6838,1
441,4840,2
441,1825,5
441,3680,4
441,2168,5
441,2459,5
441,5341,1
441,6980,5
441,317,5
441,6690,5
441,1879,5
441,5475,5
441,4747,4
441,2081,4
441,3234,4
441,2173,4
441,35,4
441,4347,5
442,3186,2
442,4593,5
442,5945,5
442,2691,3
442,1451,3
442,4465,3
442,5374,3
442,1640,4
442,116,5
442,5612,4
442,3518,5
442,652,3
442,2693,5
442,5298,4
442,2011,4
442,3931,2
442,169,3
443,6988,3
443,27,4
443,1962,5
443,540,4
443,6378,4
443,6310,4
443,6507,4
443,6213,5
443,2212,4
443,1466,2
443,928,3
443,6266,5
443,3696,4
444,5941,5
444,149,5
444,5081,4
444,6589,3
444,6498,4
444,6279,5
444,707,2
444,519,4
444,1329,5
444,1194,3
444,2802,3
444,1313,4
444,4276,5
444,6678,5
444,5648,2
444,4381,5
444,1590,3
444,3921,4
445,4566,5
445,6314,2
445,3750,5
445,3172,4
445,2639,4
445,5263,2
445,3021,2
445,1631,4
445,343,5
445,298,5
445,3710,3
445,1540,4
445,30,1
445,4677,5
445,2911,3
445,140,3
445,5444,5
445,3051,3
445,5314,5
445,2774,2
445,3404,3
445,6141,5
445,6860,2
445,60,3
445,2581,4
446,2299,1
446,2784,3
446,6961,3
446,3375,2
446,609,2
446,4349,4
446,2980,4
446,615,2
446,4081,2
446,2526,5
446,6050,5
446,2456,3
446,3333,2
446,186,4
447,6556,5
447,645,4
447,1896,4
447,402,3
447,2265,2
447,2551,2
447,6893,5
447,6231,4
447,4507,2
447,6183,4
447,4434,4
447,7038,4
447,652,4
447,6648,3
447,5839,4
447,4496,4
447,4729,5
447,5656,2
447,4473,3
447,2434,4
447,4524,4
447,5389,5
447,2437,4
447,822,1
447,3306,3
447,6162,5
447,333,3
447,2555,5
448,1954,2
448,3341,5
448,43,4
448,5582,4
448,4284,3
448,2238,4
448,4724,5
448,6509,5
448,5978,3
448,6359,4
448,6896,1
448,1536,2
448,4035,4
448,4485,5
448,1948,4
448,486,4
448,3520,5
448,1728,4
448,5023,5
448,5463,3
448,3182,5
448,1576,3
448,6758,3
448,4323,1
448,2397,2
448,2820,4
449,2265,2
449,922,5
449,4706,5
449,23,5
449,5339,3
449,1721,4
449,5875,4
449,907,4
449,6799,4
449,5703,3
449,112,4
449,3386,3
449,876,4
449,2796,5
449,1690,5
449,3662,4
450,4005,4
450,2243,1
450,3583,5
450,400,4
450,2065,4
450,25,3
450,3549,4
450,3797,4
450,1299,4
450,503,3
450,6401,4
450,6829,4
450,488,3
450,6130,3
450,3758,5
450,4294,1
450,2368,3
450,1669,4
450,3386,3
450,904,5
450,2352,4
450,1152,5
450,2321,2
450,2288,5
450,1450,4
451,2226,5
451,7061,3
451,5392,3
451,4231,5
451,6549,5
451,2541,5
451,6114,4
451,3307,5
451,166,5
451,515,4
451,4646,5
451,877,1
451,1976,5
452,6295,3
452,5649,3
452,6305,4
452,4537,5
452,3438,4
452,4652,4
452,2795,2
452,11,4
452,3940,3
452,1584,3
452,1534,1
452,888,3
452,6001,4
452,2509,3
452,5905,3
452,6260,3
452,3480,5
452,2057,1
452,5701,2
452,6591,4
453,1894,5
453,3364,3
453,7098,3
453,359,4
453,1679,1
453,3826,1
453,3378,4
453,4382,2
453,6050,3
453,594,4
453,840,4
453,5578,3
453,4493,3
453,3614,3
454,766,3
454,6597,3
454,2050,5
454,6480,5
454,4901,5
454,4398,4
454,6114,5
454,5153,5
454,6233,5
454,1975,2
454,361,4
454,3899,3
454,5644,4
455,3498,5
455,5704,5
455,2858,4
455,2923,4
455,6171,3
455,3705,5
455,4557,3
455,5701,1
455,1345,3
455,220,5
456,1086,5
456,2416,5
456,3775,5
456,501,4
456,5420,4
456,3682,5
456,1848,3
456,5067,4
456,1101,3
456,257,1
456,965,3
456,5945,5
456,5931,4
456,1672,2
456,3003,3
456,5137,2
457,888,5
457,3560,4
457,1878,4
457,5731,5
457,6656,3
457,1361,3
457,2180,3
457,5846,5
457,4261,5
457,4546,1
457,5547,4
457,4348,4
457,4847,4
457,4797,5
457,2703,5
457,3711,2
457,1289,4
457,6789,5
457,4868,3
457,4365,5
457,5410,5
457,4647,2
457,1766,4
458,4756,2
458,5836,3
458,6042,4
458,6690,5
458,1107,3
458,432,5
458,4243,3
458,1472,4
458,4415,4
458,1898,4
458,6544,2
458,1035,5
458,1970,4
458,415,5
458,4164,3
458,7031,3
458,4971,3
458,4453,5
458,607,1
458,1978,5
458,4524,5
458,684,5
458,2778,4
458,4301,5
458,4403,5
458,766,2
458,2127,3
458,2139,5
458,2720,4
458,4496,2
459,3938,5
459,6597,3
459,804,4
459,3596,5
459,6419,4
459,4415,3
459,5304,3
459,3043,3
459,468,4
459,6450,2
459,5167,4
459,6131,4
459,4955,3
459,211,4
459,5891,5
459,1226,3
460,4107,4
460,5092,4
460,6457,2
460,347,5
460,2573,3
460,3108,2
460,3841,4
460,330,2
460,4154,4
460,3560,5
460,3828,4
460,215,5
460,361,4
460,4908,1
460,400,3
460,22,3
460,5423,4
460,2140,5
460,2012,4
461,5120,4
461,3848,4
461,434,5
461,3331,5
461,1703,5
461,1969,5
461,3360,5
461,4932,4
461,7012,2
461,5031,2
461,4573,5
462,7088,3
462,3208,5
462,2071,3
462,6839,5
462,4330,4
462,1017,5
462,4553,4
462,4335,4
462,6049,5
462,40,4
462,2143,2
462,5124,3
462,6007,3
463,1159,4
463,5706,3
463,3277,3
463,5071,1
463,5553,5
463,2417,5
463,5947,2
463,1399,5
463,4273,5
463,4681,4
463,5285,2
463,5484,5
464,673,5
464,3784,5
464,334,4
464,6734,4
464,3196,3
464,2388,3
464,5174,5
464,3193,5
464,1283,4
464,2905,4
464,6146,3
464,3061,5
464,6206,5
464,2380,4
464,7096,5
464,346,4
464,1528,5
464,3303,1
465,5986,4
465,892,4
465,3017,3
465,1977,3
465,4555,4
465,5713,5
465,4103,3
465,4249,3
465,1461,3
465,6802,5
465,2256,5
465,2716,3
465,5943,4
465,1099,4
465,3814,5
465,4997,2
465,6813,5
466,6602,4
466,837,3
466,737,4
466,774,4
466,5827,3
466,4914,3
466,3725,4
466,4310,3
466,3821,3
466,5908,5
466,6450,5
466,1013,5
466,4459,5
466,395,5
467,6237,2
467,4136,2
467,4068,4
467,6212,5
467,2682,3
467,3189,4
467,780,4
467,3782,5
467,4101,3
467,7031,3
467,3335,5
467,6380,2
467,4526,5
467,5900,4
467,7078,1
467,4296,4
467,68,3
467,87,4
467,1514,5
467,1709,2
467,6720,2
467,217,3
467,6641,2
467,240,2
467,4801,4
467,874,5
467,2740,3
467,6378,4
467,3399,3
468,4340,3
468,3910,3
468,2809,2
468,6865,3
468,216,1
468,4805,5
468,1141,5
468,6197,2
468,3336,4
468,1595,5
468,1397,1
468,6676,4
468,5922,1
468,1291,5
468,1766,3
468,4969,5
468,4931,4
468,4143,5
468,1211,5
468,602,4
468,1967,2
468,3696,5
469,6392,3
469,6934,5
469,147,5
469,345,3
469,1580,3
469,453,2
469,4261,4
469,1664,4
469,2959,4
469,3199,2
469,3259,4
469,4976,4
469,724,5
469,6702,4
469,6248,2
469,223,3
469,3164,4
469,1261,3
469,5610,5
469,3732,1
469,595,3
469,2624,5
469,6104,1
470,3665,4
470,6391,1
470,1589,5
470,2806,4
470,2444,5
470,1944,4
470,3906,2
470,7068,3
470,5464,4
470,4507,5
470,6034,5
470,4330,4
470,1118,3
470,3337,5
470,377,4
470,1736,4
470,1914,4
470,5284,5
470,3066,4
470,5034,4
470,5929,5
470,1016,5
470,437,4
470,839,5
470,3035,4
470,3698,5
471,734,5
471,4277,3
471,2421,3
471,1189,3
471,4384,3
471,6418,5
471,2999,5
471,4745,3
471,3146,2
471,5216,5
471,4659,4
471,2033,4
471,1203,5
471,2706,4
471,4631,4
471,843,5
471,2411,4
471,174,4
471,6326,2
471,4099,5
471,2536,5
471,4665,1
471,5069,4
471,6490,5
472,4601,5
472,5934,5
472,1868,5
472,4259,5
472,4970,5
472,1805,5
472,2668,2
472,5489,2
472,5427,4
472,4934,4
472,2963,3
472,5326,4
472,1998,5
472,4261,2
472,1134,4
472,5384,4
472,4596,4
472,6201,4
472,143,3
473,3132,2
473,4693,5
473,3099,5
473,2823,4
473,3333,2
473,5163,4
473,596,5
473,6792,5
473,1774,3
473,122,5
473,4602,5
473,3947,5
473,6625,3
473,3489,5
473,804,1
473,5505,4
473,6804,4
473,5617,4
473,1193,5
473,6279,4
473,1558,5
473,6612,2
473,4329,5
473,2569,4
473,4681,3
473,2759,2
473,6147,3
474,2743,3
474,6746,4
474,6744,4
474,6999,4
474,208,2
474,392,5
474,542,3
474,3073,3
474,4323,1
474,458,4
474,5014,4
474,5310,3
474,2287,3
474,656,5
474,2400,4
474,5159,2
474,4968,4
474,599,5
474,7027,4
474,6043,4
474,2632,3
474,445,4
474,3712,2
474,3340,5
474,6337,5
474,1451,5
474,7068,5
474,5157,5
474,4274,5
475,5728,4
475,4929,5
475,547,4
475,6300,3
475,6371,5
475,2158,5
475,186,4
475,3254,2
475,4292,3
475,5526,4
475,4370,3
475,2152,4
475,550,5
475,1599,5
475,1625,3
475,1660,4
475,3718,4
475,1901,5
475,730,4
475,1086,3
475,2573,4
475,2931,5
475,5856,4
475,1402,3
475,1659,4
475,2824,5
475,3287,3
475,890,4
476,1153,5
476,7078,3
476,3240,3
476,2408,3
476,4180,2
476,352,4
476,6696,2
476,774,2
476,3532,4
476,2256,5
476,2332,4
477,1529,3
477,615,4
477,114,5
477,6831,3
477,1322,4
477,5235,5
477,755,4
477,4026,5
477,6722,4
477,4825,3
477,4392,4
477,6777,5
477,1494,5
477,838,4
477,5146,5
478,1451,5
478,4452,4
478,5583,5
478,2608,3
478,3345,4
478,238,5
478,2772,2
478,1875,5
478,4689,4
478,6146,1
478,3683,4
478,6052,2
478,187,5
478,4037,3
478,6435,4
478,5757,3
478,4821,3
478,4461,5
478,5891,4
478,5215,4
478,3511,1
478,3299,3
478,5576,5
478,974,5
478,3715,4
478,3918,4
479,6000,4
479,596,1
479,4283,4
479,5335,5
479,6308,3
479,1427,4
479,595,4
479,4674,3
479,1136,4
479,2681,1
479,4651,3
479,3259,5
479,3741,1
479,6184,3
480,4957,4
480,5667,4
480,5977,3
480,1882,2
480,5425,5
480,6895,3
480,4442,5
480,3548,4
480,5891,4
480,4900,4
480,5871,3
481,5128,1
481,4470,4
481,4157,3
481,3750,5
481,6637,5
481,6153,2
481,293,4
481,5695,5
481,5364,4
481,3615,4
481,750,4
481,2924,2
481,1466,4
481,1927,5
481,4456,4
481,3290,5
481,3666,3
481,3198,5
481,3912,3
481,1605,4
481,4417,4
481,6300,5
481,5379,5
481,1529,4
482,5,4
482,3265,3
482,5271,5
482,1525,3
482,5589,5
482,5121,5
482,6491,3
482,1945,3
482,3020,4
482,424,4
482,5697,4
482,2206,2
482,244,5
482,5435,4
482,2952,3
482,6189,3
482,3196,5
482,3120,4
482,5961,5
482,5075,5
482,2718,5
482,5616,5
482,3740,3
482,4662,5
482,313,4
482,250,5
483,844,5
483,2786,4
483,3316,3
483,1346,5
483,2135,4
483,652,4
483,5607,4
483,5574,4
483,2685,5
483,1528,4
483,4366,3
483,6238,4
483,2767,5
483,5918,3
483,3959,4
483,1457,5
483,2812,5
483,3187,3
483,1373,3
483,4714,1
483,1407,3
483,3306,4
483,4826,5
483,1815,5
483,5690,5
483,1820,2
483,4339,5
483,4980,5
484,3966,3
484,1350,3
484,384,4
484,1631,3
484,4272,4
484,6824,5
484,5772,5
484,2732,2
484,4767,5
484,1933,4
484,2204,3
484,6499,1
484,308,4
484,704,5
484,6869,2
484,2983,5
484,1721,5
484,3231,3
484,2519,5
484,722,2
484,2664,5
484,2405,3
484,3716,4
484,880,4
484,2676,5
484,6779,4
484,2685,4
484,1657,4
484,878,4
485,6207,4
485,3915,5
485,55,5
485,2225,4
485,2957,5
485,1063,5
485,1925,4
485,6919,5
485,4212,5
485,4315,4
485,4569,4
485,7016,5
485,6283,4
485,2853,3
486,1132,5
486,4036,5
486,5784,3
486,2767,5
486,4179,4
486,2763,3
486,6068,2
486,5483,5
486,2290,5
486,4434,5
486,5178,5
486,2781,4
486,6003,3
486,4819,2
486,3456,5
487,351,5
487,1277,2
487,6566,5
487,2513,5
487,3051,5
487,5236,5
487,1880,5
487,4803,2
487,5303,1
487,1901,3
487,595,1
488,5188,4
488,5185,4
488,3487,5
488,4551,2
488,6046,5
488,1492,4
488,5586,5
488,822,4
488,2325,5
488,2484,5
488,2329,5
488,6972,3
488,4258,4
488,4299,5
488,5053,2
488,3138,5
489,3021,2
489,2358,5
489,1713,2
489,570,4
489,4307,5
489,1789,4
489,6597,4
489,6664,4
489,1416,2
489,5796,5
489,4451,5
489,6616,4
489,6687,4
489,867,4
489,6037,3
490,3794,2
490,2826,3
490,198,4
490,4362,1
490,1352,2
490,6282,2
490,3863,5
490,3309,5
490,4249,5
490,5784,4
490,713,4
490,5448,3
490,3735,2
490,1449,2
490,6446,5
490,1480,5
490,2867,5
490,3932,4
490,3803,3
490,2628,4
490,2132,3
490,6118,4
490,2975,5
490,4604,3
490,5142,4
490,2176,4
490,3963,3
491,2669,5
491,1489,5
491,1413,5
491,1271,5
491,4723,4
491,4643,4
491,5036,4
491,1753,3
491,6070,4
491,3374,3
492,2663,2
492,5351,5
492,2979,4
492,5754,5
492,2003,4
492,6466,3
492,4731,4
492,7009,3
492,4425,1
492,1664,3
492,2623,5
492,4554,4
492,2523,5
492,2185,4
492,3423,5
493,1478,2
493,3660,2
493,4944,3
493,6757,5
493,6946,4
493,7050,4
493,4769,4
493,3594,2
493,22,4
493,1530,5
493,4677,3
493,1428,4
493,3605,4
494,1990,4
494,1070,5
494,1222,5
494,230,4
494,6654,4
494,5531,4
494,6166,3
494,807,3
494,1103,5
494,6498,5
494,2984,4
494,3253,4
494,5973,3
494,6476,4
494,5948,4
494,7069,2
494,444,5
494,4489,5
494,1543,5
494,1419,5
494,308,3
494,364,3
494,2173,3
494,6234,5
494,4540,4
494,4005,5
495,2627,3
495,896,5
495,3770,4
495,544,2
495,2841,5
495,6841,5
495,1335,4
495,1720,5
495,5963,2
495,4673,4
495,766,4
495,187,4
495,6381,2
495,1222,4
495,5266,4
495,4728,5
495,1371,2
495,6383,3
495,5978,5
495,4807,5
495,6138,5
495,2852,4
495,5439,5
495,196,2
495,757,2
495,2480,5
495,1628,4
495,3915,2
496,3298,5
496,856,1
496,1060,4
496,1480,4
496,342,3
496,990,4
496,5058,4
496,5911,4
496,261,5
496,3657,5
496,1114,5
496,5922,2
496,2809,5
496,5420,3
496,6083,2
496,4334,3
496,6225,5
496,3585,4
496,2037,4
496,1621,2
496,5103,3
496,6117,1
497,1102,5
497,1229,5
497,4885,1
497,2348,5
497,3076,5
497,1055,4
497,140,3
497,6881,5
497,6743,4
497,4844,5
497,1586,5
497,5739,3
497,6937,4
497,3004,2
497,2866,3
497,5911,5
497,3117,4
497,6878,4
497,6479,4
497,540,5
498,1736,4
498,6933,3
498,221,3
498,2124,4
498,613,2
498,6083,4
498,6377,2
498,1279,5
498,210,5
498,1153,4
498,3947,5
498,440,1
498,3460,3
498,1008,2
499,4350,3
499,5325,2
499,876,4
499,2804,5
499,2616,4
499,2138,4
499,7078,5
499,1299,4
499,6781,4
499,5607,5
499,5175,3
499,5259,2
499,62,4
499,1817,4
499,5744,5
499,5819,4
499,7097,4
499,2338,3
499,265,3
500,6894,4
500,871,3
500,1121,4
500,6854,3
500,6636,5
500,2057,4
500,3782,4
500,3556,1
500,22,1
500,905,2
500,361,5
500,4546,4
500,486,2
500,6300,4
500,970,5
500,6531,2
500,6419,3
500,4212,2
500,1004,2
500,317,4
500,1697,4
500,218,2
500,6603,2
500,6034,5
500,6492,3
501,6660,2
501,2357,3
501,2958,1
501,4347,4
501,2257,3
501,4030,5
501,2459,4
501,1634,4
501,6562,5
501,3281,4
501,1433,4
502,987,5
502,4597,5
502,44,4
502,2734,2
502,1629,4
502,5497,2
502,6583,3
502,6365,2
502,1641,5
502,4972,1
502,3297,2
502,1282,3
502,6738,4
502,6634,2
502,3600,5
502,2082,4
503,6185,2
503,555,3
503,6513,1
503,954,4
503,414,4
503,3661,4
503,4821,5
503,3978,2
503,5460,5
503,3828,5
504,5705,5
504,2208,4
504,4703,4
504,24,3
504,2580,4
504,2042,4
504,5469,5
504,5797,4
504,538,4
504,2594,3
504,6426,4
504,1410,4
504,346,2
504,2093,3
504,5001,3
504,4987,1
504,4111,4
504,310,3
504,6617,3
504,4830,3
504,2438,3
504,5296,3
504,6800,5
504,4898,5
504,6731,4
504,4070,4
504,3235,4
504,6417,5
504,4965,5
504,4335,4
505,548,3
505,5828,2
505,6738,4
505,2163,5
505,1352,5
505,3529,2
505,6947,4
505,5409,5
505,1143,4
505,215,4
506,6580,4
506,5410,4
506,5142,3
506,2125,4
506,778,1
506,6960,5
506,4470,2
506,6546,4
506,685,4
506,1926,3
506,3025,4
506,5606,3
506,5749,2
506,6151,5
506,5039,5
506,4682,4
506,4202,5
506,4878,3
506,4132,5
506,6390,5
506,4789,4
506,3674,5
506,1200,4
506,917,2
506,684,1
506,3640,4
506,183,4
506,5987,3
506,6850,4
506,4403,5
507,6898,5
507,1547,4
507,3115,4
507,4615,5
507,697,4
507,2453,4
507,4879,5
507,3303,3
507,749,5
507,6263,4
507,5308,5
507,5472,4
507,688,5
507,1292,4
507,4185,2
508,4823,2
508,2905,4
508,1878,4
508,5844,4
508,965,3
508,2118,4
508,6475,4
508,724,5
508,6472,4
508,4759,3
508,3469,5
509,876,4
509,6381,4
509,3770,3
509,4759,3
509,6536,4
509,7036,1
509,6593,4
509,5395,3
509,5488,2
509,5252,1
509,3261,4
509,1488,2
509,2399,2
509,5242,5
509,370,4
509,4954,5
509,3454,5
509,5750,4
509,5240,4
509,2318,2
509,6841,4
510,6466,2
510,6378,3
510,1818,3
510,2178,5
510,4379,4
510,3277,5
510,4363,5
510,5707,4
510,4110,5
510,1867,4
510,5030,5
510,336,5
510,3570,5
510,1126,5
510,2117,2
510,3237,3
510,3928,5
510,1239,5
510,6167,3
510,4318,5
510,3646,1
510,4931,3
510,4716,4
510,558,2
510,3480,3
510,180,5
510,5105,1
510,6824,3
511,6147,4
511,2474,4
511,4059,2
511,1184,5
511,2147,4
511,1020,5
511,5048,5
511,797,5
511,3513,2
511,2604,3
511,5327,4
511,258,5
511,1583,4
511,5709,4
511,2368,5
511,2241,5
511,231,5
511,6452,4
512,1191,5
512,793,4
512,2224,4
512,652,4
512,3627,4
512,2218,3
512,3389,4
512,4235,4
512,6945,4
512,856,5
512,6449,3
512,1855,4
512,6879,5
512,2674,5
512,5099,1
512,1513,2
512,3231,2
512,5133,4
512,3084,3
512,2171,5
512,4472,5
512,3458,5
512,5050,3
512,5432,5
512,4410,5
512,5057,1
512,6592,2
513,643,3
513,3460,4
513,5593,2
513,5965,4
513,506,1
513,1860,4
513,6820,4
513,4882,3
513,4405,2
513,6166,4
513,6318,4
513,4548,3
513,6615,3
513,3234,4
513,1696,4
513,3450,5
513,2575,5
513,2036,5
513,3365,4
513,5811,4
513,5305,4
513,1030,2
513,819,5
513,4216,3
513,4745,1
514,2578,4
514,3470,4
514,7087,4
514,2983,3
514,4014,5
514,6195,3
514,3629,4
514,2784,4
514,4403,2
514,239,4
514,4679,5
514,3691,3
514,6410,3
514,2527,2
514,6291,4
514,2612,4
514,1808,3
514,1575,5
514,6400,1
515,1312,4
515,7008,2
515,1529,3
515,970,5
515,1432,2
515,1246,4
515,2409,5
515,1483,4
515,6242,5
515,6538,4
515,3702,4
515,3507,4
515,3918,2
515,5684,5
515,5379,5
515,3882,1
515,2544,4
515,3286,4
515,1100,4
515,6257,5
515,2588,5
515,5023,2
515,551,5
516,4733,3
516,4878,5
516,2935,2
516,3637,5
516,6435,5
516,111,2
516,6569,4
516,2238,3
516,3654,5
516,1105,4
516,5884,3
516,3346,3
516,6492,4
516,2155,4
516,6985,5
517,3778,2
517,4539,4
517,2870,4
517,6709,3
517,5206,3
517,1382,3
517,3018,5
517,2168,5
517,4211,3
517,1432,1
517,2537,5
518,2502,3
518,5347,4
518,3009,5
518,2336,5
518,5342,4
518,3827,5
518,2773,5
518,6060,5
518,1193,4
518,1612,5
518,6926,4
518,628,3
518,912,4
518,1146,4
518,1585,4
518,1262,3
518,5840,3
518,3665,3
519,4414,1
519,3108,4
519,5612,5
519,1390,3
519,6714,5
519,596,4
519,3889,2
519,2896,4
519,5850,3
519,103,5
519,5366,5
519,4447,1
519,497,5
519,6563,5
519,6936,5
519,551,5
519,4970,4
519,6422,5
519,3170,4
519,2022,4
519,6772,3
519,341,5
519,2088,5
519,2694,3
519,5855,3
519,5204,3
519,1592,5
520,2143,1
520,2145,4
520,3502,5
520,438,5
520,6765,4
520,4355,3
520,1722,4
520,6712,2
520,4383,4
520,2962,4
520,5639,4
520,540,5
520,3892,5
520,4937,5
520,5075,4
520,1781,4
520,3689,4
520,5771,4
520,6424,3
520,4525,5
520,877,4
521,2507,4
521,2576,2
521,3942,4
521,4741,1
521,5759,2
521,1088,5
521,6860,4
521,3926,5
521,857,4
521,2246,3
521,6879,3
522,6812,4
522,4560,4
522,5314,4
522,1854,5
522,4852,5
522,3682,4
522,1333,5
522,4271,4
522,1928,4
522,1951,1
522,4653,4
522,6490,5
522,845,3
522,1236,2
522,923,5
522,5292,1
523,1439,4
523,17,4
523,133,5
523,516,4
523,5666,4
523,4276,1
523,3161,2
523,3779,3
523,3555,4
523,3108,5
523,938,3
523,371,5
523,244,3
523,4160,4
523,6891,5
523,5172,4
523,4889,4
524,4830,4
524,4180,2
524,6185,3
524,388,4
524,6440,5
524,3953,3
524,2263,4
524,3449,2
524,6414,1
524,6152,5
524,6278,5
524,7014,4
525,1494,3
525,28,2
525,3031,5
525,6695,4
525,6681,4
525,2285,5
525,2698,5
525,6080,5
525,4819,5
525,3106,5
525,3584,5
525,6832,1
525,610,4
525,2714,3
525,160,4
525,5644,5
525,377,5
525,3570,3
525,3545,4
525,5475,1
525,3194,4
525,3457,4
526,6227,4
526,1594,5
526,3521,4
526,3438,4
526,4491,5
526,1657,4
526,2410,4
526,4538,4
526,1153,4
526,3095,4
526,4376,4
526,5944,3
526,4648,4
526,4625,2
526,5094,4
526,3319,4
526,1305,4
526,3181,3
526,4971,1
526,3761,2
526,6429,4
526,126,5
526,4325,5
526,1917,4
526,4423,5
526,3550,4
526,4571,4
527,3114,3
527,120,3
527,2479,5
527,644,4
527,4532,4
527,7002,5
527,47,4
527,6234,2
527,4682,3
527,3019,4
527,1140,5
527,596,2
527,6422,4
527,3776,5
527,2959,4
528,752,2
528,4985,5
528,5839,5
528,4851,5
528,3299,5
528,1128,4
528,3569,5
528,2181,2
528,1450,4
528,1332,4
528,1154,4
528,4941,5
528,3911,1
528,2738,4
528,4196,4
528,4813,1
528,609,4
528,3680,2
529,4070,2
529,6803,5
529,0,4
529,5818,3
529,4706,3
529,147,4
529,6015,3
529,407,5
529,519,5
529,5178,1
529,3271,2
529,1798,4
529,5768,5
529,2803,5
529,3358,3
529,2253,4
529,432,5
529,3763,3
529,1406,2
529,1730,4
529,6777,4
530,6511,2
530,6327,3
530,3056,2
530,51,5
530,3944,5
530,539,3
530,482,5
530,6441,5
530,2878,2
530,4607,4
530,5255,3
530,5718,1
530,6169,2
530,483,4
530,749,3
530,951,1
530,4705,5
530,3045,3
530,8,5
530,5000,5
530,1458,2
530,6912,4
530,3799,5
530,6613,4
530,894,3
530,6686,3
530,5381,5
531,6532,4
531,4648,3
531,4275,4
531,3836,2
531,3384,5
531,4858,2
531,4549,4
531,4694,5
531,1747,5
531,7087,5
531,7024,3
531,3376,3
531,2823,4
531,1077,3
532,290,4
532,2112,2
532,2722,5
532,371,3
532,1259,5
532,2881,5
532,6346,4
532,4599,3
532,5439,5
532,5003,5
532,3303,3
532,1816,5
533,4341,5
533,495,3
533,3322,3
533,7061,5
533,2236,5
533,4470,4
533,3566,5
533,318,4
533,6105,2
533,3516,1
533,3668,3
533,1587,4
533,4819,4
533,4488,3
533,1794,2
533,5879,4
533,2059,4
533,2454,4
533,4439,4
533,4123,4
533,1599,3
533,4482,3
533,2487,5
534,278,3
534,4430,3
534,2730,5
534,6272,4
534,2658,2
534,877,5
534,348,3
534,4041,1
534,5152,5
534,5733,4
534,2535,3
534,5985,5
534,225,5
534,5456,4
534,4915,2
534,833,3
534,1913,1
534,816,2
534,682,2
534,820,4
534,3790,3
534,6380,5
534,4157,4
534,3177,5
534,776,2
534,4923,3
534,5625,4
534,156,5
534,1165,5
535,2617,3
535,909,4
535,2762,4
535,1757,1
535,7068,3
535,5893,5
535,1499,4
535,2842,5
535,6536,5
535,5363,5
535,5622,4
535,4818,4
536,5802,5
536,6087,3
536,4832,5
536,5521,2
536,2999,3
536,5274,2
536,229,1
536,1889,3
536,5459,1
536,6152,4
536,6793,5
536,538,3
536,394,2
536,79,3
536,3216,4
536,2358,2
536,5550,3
536,5095,4
536,1771,5
536,2490,4
536,6331,3
537,2942,4
537,2835,2
537,6225,4
537,6144,4
537,1995,3
537,3062,5
537,5619,5
537,4645,5
537,2789,4
537,1200,4
537,374,2
537,2960,5
537,3177,3
537,578,3
537,272,5
537,485,3
537,3338,4
537,3988,5
537,4664,5
537,4731,1
537,106,4
537,5276,4
537,157,5
537,3258,5
537,4679,3
537,3510,1
537,6752,3
538,6786,4
538,90,4
538,597,5
538,4040,3
538,1740,3
538,3108,3
538,2564,2
538,2089,1
538,1065,5
538,3204,4
538,1504,4
538,2341,5
538,866,5
538,3763,1
538,4401,3
538,2087,4
538,1505,5
538,4768,4
538,500,4
538,5142,3
538,1530,1
539,724,3
539,3145,5
539,3216,4
539,3637,5
539,1801,4
539,6509,3
539,1114,4
539,5048,3
539,53,3
539,2306,5
539,5556,5
539,2740,3
539,3739,4
540,6907,4
540,1968,4
540,3433,1
540,5497,4
540,6587,1
540,1467,4
540,6531,2
540,69,3
540,5687,3
540,1158,5
540,3748,4
540,3031,3
540,2897,4
540,4265,5
540,1528,2
540,636,5
540,2095,5
541,553,2
541,2888,2
541,4296,4
541,6436,4
541,1019,3
541,4278,4
541,4692,5
541,4004,5
541,5921,4
541,35,4
541,5622,5
541,2998,3
541,4632,4
541,773,4
541,3553,4
542,6147,3
542,6333,4
542,2782,4
542,1936,5
542,3921,4
542,4382,4
542,6271,5
542,6621,5
542,5729,3
542,4946,5
542,7029,3
543,5385,3
543,786,3
543,4209,3
543,1131,2
543,1377,5
543,5917,5
543,6176,2
543,3905,5
543,1331,2
543,9,2
543,442,3
544,5364,4
544,1731,5
544,5989,5
544,1078,2
544,6138,4
544,7047,5
544,4299,3
544,6125,5
544,898,2
544,540,5
544,3452,2
544,2948,4
544,4729,4
544,4935,5
544,5820,4
544,1607,2
544,5743,4
544,83,3
545,4123,5
545,766,4
545,3423,5
545,2748,4
545,385,4
545,3335,4
545,2076,4
545,3242,4
545,1614,3
545,23,5
545,5588,4
545,6757,4
545,470,5
545,2821,2
546,3847,2
546,2445,5
546,3097,3
546,7087,5
546,4981,5
546,334,5
546,7050,2
546,1303,4
546,4768,3
546,6136,4
546,4349,5
546,1787,3
547,3438,4
547,3988,5
547,114,5
547,4104,4
547,457,5
547,3005,5
547,3324,2
547,4564,4
547,3019,4
547,6891,4
547,3421,3
547,6893,3
547,3221,5
548,2461,3
548,5374,4
548,296,3
548,3612,3
548,3534,5
548,3207,4
548,1608,4
548,5610,5
548,2508,2
548,4953,5
548,6309,3
548,1544,5
548,5875,4
548,1840,5
548,4649,5
548,3414,5
548,2816,4
548,69,3
549,830,5
549,5563,5
549,4216,2
549,6964,3
549,4204,3
549,5212,5
549,321,2
549,4372,4
549,6020,4
549,4038,3
549,4867,3
549,5629,3
549,5060,3
549,803,2
550,3775,5
550,1529,4
550,2995,4
550,5461,4
550,471,1
550,2987,5
550,4355,3
550,1932,5
550,1842,5
550,2011,4
550,2135,4
550,1657,4
550,6678,4
550,284,5
550,6626,4
550,5648,5
550,1973,5
550,635,5
550,644,5
551,2748,4
551,1633,1
551,2953,3
551,1965,5
551,3576,4
551,3036,5
551,4622,4
551,3868,5
551,7022,3
551,2218,4
551,3219,2
551,3167,5
551,5964,4
551,4871,4
551,6364,3
551,4118,4
551,3131,2
551,6610,5
551,520,1
551,3529,5
551,1709,3
551,2296,3
551,1036,5
551,647,4
551,1450,2
551,2811,3
551,2339,2
551,3030,5
551,181,2
551,4386,4
552,5330,4
552,4460,4
552,4780,4
552,1600,4
552,2030,2
552,6493,5
552,1289,5
552,3403,1
552,6689,4
552,953,5
552,2465,4
552,6363,4
552,2594,4
552,2530,3
552,1748,5
552,5885,2
552,6632,5
552,457,4
553,2300,5
553,2607,5
553,1281,4
553,1713,4
553,2971,4
553,6681,3
553,5389,5
553,2288,2
553,6054,5
553,1443,4
553,3546,2
553,4140,4
553,6533,4
553,3773,4
553,2127,3
553,2187,1
553,6915,3
553,5572,2
553,5328,5
553,5560,5
553,4080,4
553,398,4
553,921,3
553,4073,4
553,1589,4
553,5265,1
553,1340,5
554,5317,5
554,4252,2
554,5392,1
554,373,3
554,297,5
554,207,4
554,1245,2
554,3963,5
554,7015,5
554,5590,4
554,1459,4
554,5975,2
554,1048,5
554,538,5
554,2532,3
554,1526,3
554,2619,4
554,3793,4
554,5427,3
554,6936,5
555,5905,4
555,219,4
555,4922,5
555,5282,5
555,1527,4
555,4715,5
555,5949,2
555,5170,3
555,7011,4
555,3970,5
555,6423,3
555,2016,4
555,2817,5
555,1047,4
555,5891,3
556,2978,5
556,6986,4
556,3880,2
556,5662,1
556,5681,5
556,6785,1
556,6403,3
556,6812,4
556,1819,5
556,6404,2
556,2900,4
556,1847,3
556,1058,5
556,1856,4
556,3467,2
556,3496,4
556,713,3
556,4155,2
556,2867,4
557,1820,5
557,4573,2
557,5552,3
557,4589,5
557,5178,3
557,1498,4
557,5784,3
557,734,5
557,7037,5
557,4038,4
557,5457,4
557,6502,5
557,6896,3
557,5163,5
557,3561,3
557,5795,5
557,6242,5
557,2147,4
557,4375,5
557,7041,4
557,2115,4
557,6384,5
557,3297,3
557,3919,5
557,1640,4
557,2656,4
557,3625,5
558,2765,3
558,1729,4
558,3044,3
558,5374,5
558,403,5
558,3191,5
558,1984,4
558,6824,3
558,5205,1
558,6474,4
558,5915,3
558,3922,4
558,7081,4
558,6543,2
558,2004,5
558,546,4
558,7004,3
558,5306,5
558,939,4
558,4354,4
558,454,2
558,2224,5
558,3250,5
558,5600,1
558,6496,3
558,4028,4
558,2259,5
558,856,5
558,6780,4
559,708,5
559,3507,4
559,5901,4
559,2192,4
559,589,5
559,634,2
559,4638,5
559,6278,5
559,5515,1
559,2803,3
559,2702,5
559,3508,4
559,2225,2
559,138,5
559,4665,4
559,5492,2
559,748,4
559,4720,2
559,5905,2
559,3079,3
559,4853,3
560,5081,3
560,3305,4
560,3790,4
560,4357,5
560,4641,4
560,5302,3
560,3718,4
560,3325,4
560,297,4
560,4639,4
560,4286,4
560,3887,3
560,1766,4
560,607,3
560,1351,4
560,3492,4
560,4018,5
560,3963,4
560,1895,3
560,654,4
560,6536,4
560,4931,4
560,6311,3
561,4198,2
561,5505,3
561,5939,4
561,6435,4
561,4736,1
561,5217,3
561,2743,5
561,1488,3
561,1910,3
561,1021,4
562,3931,4
562,56,4
562,5824,5
562,409,5
562,9,2
562,1149,5
562,3447,4
562,4597,3
562,3803,4
562,3241,1
562,2508,5
562,2532,1
562,4462,4
562,5450,4
562,6246,4
562,3565,4
562,4066,1
562,3284,5
562,2439,5
563,3494,2
563,5050,4
563,1527,4
563,3804,4
563,3615,4
563,647,3
563,900,2
563,5201,3
563,4632,3
563,5325,4
563,2933,5
563,1125,5
563,4663,5
563,5701,4
563,3114,3
563,1824,3
563,2630,4
563,1686,3
563,405,5
563,5691,5
563,3038,5
563,4862,5
563,3817,3
563,5890,3
563,65,5
563,1468,5
563,3014,5
563,2865,3
564,3240,4
564,4664,3
564,4943,4
564,4825,3
564,2003,4
564,6168,1
564,4976,5
564,1986,5
564,6830,4
564,5780,3
564,7026,3
564,2117,4
564,2259,4
565,4959,5
565,5922,2
565,3907,3
565,5927,5
565,1790,5
565,4715,5
565,5480,4
565,6697,2
565,4367,3
565,5263,5
565,6312,5
565,4279,4
565,4772,3
565,7029,5
566,1578,4
566,2351,5
566,5163,4
566,5814,2
566,6425,5
566,3381,3
566,3035,2
566,2758,1
566,3871,5
566,6556,5
566,4797,2
566,1080,5
566,7038,3
566,6371,5
566,1029,3
566,305,4
566,2002,4
566,83,5
566,351,4
566,2472,3
566,2278,3
567,18,4
567,4549,1
567,3524,3
567,6604,5
567,646,3
567,4699,4
567,4992,5
567,1789,5
567,563,1
567,2138,3
567,5782,3
567,2953,3
567,4526,3
567,2444,3
567,1549,2
567,2124,3
567,5699,4
567,2680,5
567,3248,4
567,3177,5
567,1812,4
567,693,4
567,593,5
567,1825,4
567,4440,1
568,6483,3
568,5334,5
568,2570,2
568,5822,3
568,5798,5
568,1153,5
568,4661,5
568,7048,3
568,2298,5
568,3124,4
568,6170,3
568,4772,4
568,410,3
568,1253,5
568,6592,5
568,5356,5
568,734,5
568,5297,3
568,5428,2
568,3991,5
568,3589,4
568,2343,3
568,527,2
568,3815,2
568,2158,4
568,1542,5
568,307,3
569,1881,4
569,179,4
569,1797,4
569,1616,4
569,2077,5
569,3344,1
569,3837,5
569,3612,2
569,554,4
569,6013,4
570,2040,3
570,6130,3
570,464,5
570,1421,5
570,2277,2
570,5257,2
570,3032,3
570,1725,2
570,459,5
570,640,4
570,1417,5
570,1890,5
570,6018,5
570,4765,2
570,4555,5
570,6304,5
570,2116,4
570,6685,2
570,3994,2
570,1397,4
571,6670,5
571,5916,5
571,3388,3
571,6810,3
571,2121,4
571,5411,4
571,4476,3
571,3789,5
571,5977,4
571,6358,5
571,832,4
571,6813,2
571,3901,4
571,5260,5
571,5210,3
571,5660,3
571,4056,1
571,2630,5
571,6757,5
571,2133,3
571,3390,4
571,867,4
571,5097,5
571,6444,5
572,2026,2
572,3976,1
572,2040,4
572,5138,5
572,1537,1
572,3697,4
572,4697,5
572,6303,4
572,625,5
572,6507,5
572,1526,1
572,816,5
572,1064,5
572,692,2
573,7069,4
573,6753,4
573,3970,4
573,2386,3
573,5681,4
573,295,4
573,6536,5
573,5155,5
573,1847,2
573,4900,2
573,1237,3
574,3176,5
574,6131,4
574,2085,5
574,2046,5
574,1804,5
574,4567,1
574,3722,4
574,1489,3
574,1339,5
574,175,3
574,2954,4
574,7021,5
574,2369,1
574,1225,4
574,1182,4
574,925,4
574,3077,4
574,1443,3
574,3087,3
574,5563,1
574,2625,3
574,5612,5
574,6642,4
574,2135,4
574,4842,4
575,584,3
575,5014,3
575,6275,3
575,2565,5
575,1552,4
575,6455,5
575,5585,3
575,3671,4
575,4070,3
575,2108,4
575,5111,5
575,5750,3
575,1488,2
575,3254,5
575,3499,2
575,5199,4
575,5389,4
575,1713,5
575,1310,3
575,4896,3
575,6070,2
576,1788,4
576,344,3
576,1242,5
576,4844,3
576,2602,4
576,2587,2
576,6205,4
576,5446,4
576,5743,1
576,4764,4
576,3295,3
576,1905,3
576,3570,5
576,2001,3
576,3795,4
576,5475,5
576,5899,1
576,6654,4
576,1262,5
576,5290,3
576,3347,5
576,1411,2
576,6772,4
577,6967,4
577,1243,5
577,773,4
577,6789,4
577,1416,5
577,6407,3
577,624,1
577,3048,5
577,6137,2
577,2425,3
577,4189,4
577,5429,2
577,922,3
577,5826,3
577,3051,2
578,348,4
578,6509,5
578,3180,4
578,1455,5
578,4669,5
578,4116,4
578,4078,3
578,3622,5
578,5228,5
578,4296,5
579,4880,5
579,3566,3
579,5932,3
579,1059,1
579,1783,4
579,2426,1
579,5394,3
579,1476,3
579,915,3
579,5001,5
579,1154,3
579,5856,4
579,3572,4
580,6328,2
580,7060,4
580,5734,2
580,7092,5
580,916,4
580,737,1
580,3858,4
580,7067,3
580,5038,1
580,3657,1
580,1256,5
580,6761,5
580,6228,4
580,3328,3
580,4817,4
580,4992,5
580,4866,1
580,5021,4
580,2274,3
580,4713,3
580,5657,3
580,4315,4
580,790,3
580,5338,5
580,1317,5
580,4208,4
580,5720,3
580,1631,4
581,1400,5
581,5406,5
581,6376,3
581,4624,4
581,6285,5
581,5009,2
581,511,3
581,488,2
581,3695,4
581,3261,4
581,4374,5
581,5713,5
581,3540,4
581,1343,4
581,6739,2
581,3746,4
581,6195,3
581,3572,5
581,1999,1
581,7027,2
581,1860,3
581,1452,4
581,6912,3
581,4553,5
581,1694,5
581,4109,3
581,4992,4
581,3156,5
581,5514,5
582,2861,5
582,1530,4
582,3777,4
582,6038,4
582,4915,4
582,5966,4
582,7013,4
582,518,4
582,4328,1
582,3906,5
582,2665,4
582,5801,2
582,6260,4
582,6031,3
582,5736,5
582,162,4
582,3326,4
583,3356,5
583,956,5
583,3773,3
583,4121,4
583,5691,4
583,906,5
583,2886,4
583,4861,4
583,3432,3
583,4747,5
583,6989,4
583,4368,2
583,5269,3
583,2023,3
583,4432,4
583,5675,4
583,2448,5
583,2866,3
583,5412,3
583,4075,4
583,1459,4
583,6016,4
583,5534,1
583,136,4
584,1118,4
584,4745,4
584,7058,1
584,4979,1
584,184,5
584,3645,4
584,2196,4
584,5139,4
584,3892,4
584,1169,4
584,6265,5
584,5057,3
584,3375,3
584,3465,5
584,4835,3
584,2494,4
584,515,4
584,6262,3
584,3587,4
585,2367,4
585,6872,1
585,3754,3
585,4251,1
585,5160,4
585,2812,4
585,1689,4
585,3265,4
585,6005,1
585,4763,5
585,4394,2
585,6622,5
585,4368,1
585,875,4
585,3119,5
585,2399,1
585,6360,4
586,4930,4
586,501,4
586,148,3
586,6880,4
586,4459,4
586,1467,5
586,2216,5
586,4379,2
586,6828,3
586,2069,5
586,2937,3
586,4260,2
586,855,5
586,6309,5
586,1814,5
586,4,1
586,4557,3
586,4420,4
586,4695,5
586,4551,5
586,1556,4
586,5453,4
586,6590,5
586,337,4
586,2702,4
586,3952,1
586,2499,5
587,3173,5
587,2398,5
587,795,4
587,4570,4
587,2138,3
587,6285,5
587,4631,5
587,1569,1
587,6762,4
587,3590,3
587,4434,4
587,5447,4
587,6919,1
587,2410,3
587,3538,3
587,3676,5
587,4665,3
587,424,4
587,4117,5
587,6235,4
587,3930,3
588,3456,2
588,4576,5
588,3283,5
588,6705,3
588,3065,5
588,1350,2
588,2464,1
588,316,3
588,3095,5
588,1161,4
588,6450,3
588,6374,5
588,1032,3
588,957,3
588,2650,5
588,2819,3
588,5007,3
588,4893,5
588,3573,4
588,3913,3
589,2672,5
589,1398,5
589,789,2
589,6947,5
589,6750,4
589,6699,4
589,1898,5
589,4377,5
589,1845,2
589,2560,5
589,50,4
589,4006,5
589,6802,4
589,670,4
589,1123,4
589,2354,3
589,2728,5
589,5969,4
589,2848,4
589,1787,3
589,832,3
589,1361,3
589,5746,4
590,2660,5
590,1400,4
590,1482,4
590,4787,4
590,5477,4
590,2500,3
590,1395,4
590,5580,3
590,6895,3
590,2836,4
590,1146,3
590,5839,5
590,7038,3
590,2561,5
590,830,5
590,3326,5
590,947,3
590,4115,5
590,2684,5
590,4007,2
590,3016,4
590,5037,5
590,688,5
590,3675,4
590,545,3
590,448,5
590,2752,4
591,2730,4
591,1895,5
591,4000,2
591,4182,3
591,4377,5
591,248,4
591,1820,4
591,1599,3
591,1022,5
591,4340,4
591,1783,4
592,6652,3
592,4561,4
592,559,3
592,2888,2
592,6507,4
592,1426,4
592,3931,5
592,4450,3
592,3892,3
592,1608,3
592,78,5
592,2336,5
592,6776,2
592,4545,4
592,3561,5
593,3480,3
593,5616,5
593,3918,2
593,1540,4
593,2396,3
593,2287,4
593,3125,5
593,4067,3
593,717,5
593,6022,2
593,3925,4
593,3626,4
593,6080,1
593,3103,1
593,1331,1
593,4853,4
593,6627,3
593,3256,3
593,4823,1
593,534,5
593,2542,5
594,1341,3
594,779,5
594,5769,5
594,696,4
594,4426,5
594,4869,4
594,3355,4
594,5435,4
594,4276,5
594,2379,5
594,2355,5
594,1394,3
594,5329,5
594,2415,3
594,3193,4
594,2268,5
594,6030,5
594,4215,5
594,6360,2
594,4232,2
595,6104,1
595,4782,3
595,3790,4
595,5989,3
595,4413,5
595,4990,5
595,5409,5
595,5427,5
595,6928,5
595,5170,3
595,6869,4
595,606,5
595,6717,4
595,1127,4
595,2451,4
595,4332,2
595,4427,5
595,1536,4
595,5237,3
595,4984,4
595,7044,5
595,3701,5
595,671,2
595,3785,2
596,4995,5
596,4027,4
596,6834,3
596,4413,2
596,653,4
596,2253,1
596,2757,3
596,4722,4
596,93,4
596,6726,4
596,185,3
596,6044,5
596,6512,4
596,5056,4
596,5379,4
596,7098,5
596,6911,4
597,6181,2
597,5913,4
597,3806,5
597,6135,2
597,97,4
597,6298,5
597,6849,2
597,5479,3
597,2608,5
597,1598,2
598,3885,2
598,2518,2
598,1101,3
598,5294,4
598,7095,4
598,2581,5
598,2863,5
598,993,5
598,1993,4
598,5926,3
598,3494,5
598,346,2
598,4701,4
598,483,3
598,5653,3
598,4350,5
598,2687,4
598,6769,3
598,4382,4
598,6533,5
598,827,2
598,7008,1
598,4114,3
598,5875,3
598,1007,5
598,349,5
598,2321,5
598,2684,2
599,2391,5
599,3689,5
599,5453,4
599,2017,3
599,704,1
599,5330,3
599,2738,4
599,7051,5
599,3160,4
599,6720,4
599,3076,3
599,1961,3
599,4790,3
599,3992,2
599,4653,5
599,1523,3
599,2925,5
599,2840,4
599,6470,2
599,947,5
599,829,4
599,3111,4
599,2377,5
599,2016,3
599,3218,5
599,5561,3
599,5025,5
599,348,4
599,5406,3
599,1097,5
600,3058,1
600,1019,2
600,306,4
600,1547,4
600,5482,5
600,4589,4
600,4479,2
600,10,4
600,1108,4
600,4017,4
600,1753,4
601,1883,4
601,4849,5
601,2596,5
601,6506,4
601,1731,5
601,177,5
601,4713,5
601,3373,4
601,4711,5
601,6531,3
601,367,5
601,3427,3
601,4057,5
601,3294,4
601,2130,5
601,5694,2
601,6194,3
601,7049,3
601,5400,4
601,7047,4
601,4971,4
601,5133,4
601,5669,2
601,29,2
601,4666,4
601,1422,5
601,1418,3
601,4142,5
602,1663,4
602,2499,4
602,1706,5
602,4838,5
602,4127,3
602,6225,3
602,4282,4
602,532,5
602,4155,4
602,4042,5
602,1683,2
603,4956,5
603,102,3
603,5101,2
603,923,2
603,2859,3
603,1581,3
603,4199,1
603,6765,3
603,5217,4
603,3433,3
604,696,4
604,5007,4
604,285,5
604,5932,3
604,5344,4
604,2917,3
604,3688,4
604,3783,5
604,1097,5
604,59,4
604,2199,2
604,6209,4
604,2289,4
604,543,2
604,161,4
604,463,2
604,5794,5
605,3814,3
605,230,5
605,4811,4
605,5981,3
605,6024,4
605,4571,2
605,3888,5
605,1237,2
605,6098,3
605,3193,4
605,2095,4
605,7090,4
605,4704,3
605,3333,4
605,1676,2
605,1501,4
605,1453,4
605,3057,3
605,640,5
605,4063,3
605,6897,1
605,2445,4
605,6499,5
605,1180,3
605,1519,5
605,2372,4
605,114,2
606,2952,2
606,1610,5
606,3352,1
606,4454,4
606,4779,3
606,255,2
606,81,4
606,2776,4
606,3808,1
606,3897,4
606,4955,5
606,2564,4
606,245,4
606,490,3
606,784,1
606,4054,5
606,1993,3
606,1118,5
606,2732,5
606,6536,5
606,4612,5
606,100,5
606,212,2
606,6541,3
606,3779,5
606,1771,5
606,5040,4
606,3780,1
607,2509,4
607,2006,2
607,3334,3
607,440,5
607,1185,3
607,6758,2
607,1847,5
607,6222,5
607,2470,4
607,2401,1
607,7019,3
607,6443,5
607,1079,4
607,1504,5
607,2953,5
607,1181,4
607,760,1
607,5307,4
608,5255,4
608,5124,4
608,2892,4
608,2587,4
608,773,2
608,1840,2
608,1069,4
608,3852,3
608,3350,5
608,646,4
608,5337,5
608,3814,3
608,4937,4
608,6703,5
608,2458,5
608,5899,5
608,4564,5
608,197,5
608,5547,5
608,1097,3
608,2214,4
608,2825,5
608,6776,5
609,5525,1
609,3451,3
609,1039,5
609,1752,2
609,3797,4
609,3107,1
609,481,4
609,79,5
609,4097,5
609,4305,5
609,2205,5
609,2555,5
609,3737,3
609,2120,4
609,193,5
609,4187,2
609,6137,3
609,1890,3
609,3590,3
609,6724,4
609,5385,4
609,4566,3
609,725,5
609,4624,1
609,897,3
609,4684,3
610,3360,3
610,2609,2
610,2247,1
610,3536,4
610,1535,3
610,1212,3
610,5852,5
610,7009,4
610,79,3
610,1377,2
610,540,1
610,1363,4
610,1632,4
610,6090,5
610,5954,5
610,4027,2
610,5622,2
610,6082,5
610,1215,1
610,7096,5
610,119,5
610,2943,4
610,2693,5
610,12,4
610,1705,5
610,6237,2
611,1651,5
611,3741,5
611,6079,4
611,6813,4
611,4767,3
611,5515,3
611,4357,2
611,6335,5
611,4728,5
611,5953,5
611,3766,4
611,6062,4
611,5868,3
611,5060,2
611,366,2
611,3180,5
611,72,5
611,4438,2
611,6513,2
611,6005,5
611,2759,3
611,2459,4
611,4450,4
611,6902,4
611,673,3
612,1159,5
612,6219,4
612,4696,3
612,6593,4
612,2531,5
612,1229,5
612,148,4
612,1549,2
612,5209,2
612,2128,2
612,6945,2
612,5445,5
612,98,5
612,560,5
612,2973,5
612,1666,4
612,2653,2
612,6247,4
612,1959,5
612,2275,4
612,3382,4
612,3367,4
612,245,5
612,3657,5
612,2634,2
612,3072,5
613,275,4
613,4348,3
613,2839,3
613,4102,5
613,573,3
613,4070,5
613,2146,1
613,5642,3
613,2660,3
613,1113,2
613,3830,5
613,1862,5
613,6468,4
613,2936,3
614,951,1
614,5624,2
614,3429,4
614,568,4
614,5147,4
614,1447,1
614,6441,5
614,5173,5
614,2681,3
614,2834,5
614,4624,2
614,146,5
614,2349,5
614,5452,4
614,7096,4
614,3256,2
614,937,4
614,259,3
614,498,4
614,3806,4
614,4928,4
614,1416,4
614,1794,5
614,453,3
614,2166,5
614,3493,5
614,3345,5
615,2556,4
615,3127,3
615,5942,1
615,376,4
615,2502,5
615,5366,4
615,1455,3
615,1182,5
615,3602,4
615,3432,2
615,1792,3
615,6980,4
615,5193,4
615,2456,4
615,3136,4
615,6760,3
615,206,5
615,877,5
616,6767,5
616,3758,5
616,5473,5
616,1501,5
616,3229,5
616,3711,3
616,31,2
616,4172,5
616,3211,5
616,6941,5
616,3426,4
616,5763,4
616,6629,4
616,3173,5
617,2403,5
617,3877,3
617,3826,3
617,6798,4
617,659,5
617,5426,4
617,1307,3
617,4736,2
617,492,2
617,5235,5
617,1701,4
617,2962,3
617,123,5
617,299,4
617,3381,4
617,891,4
617,6605,3
617,4180,5
617,2484,4
617,4100,3
617,4633,3
617,3959,5
617,2468,5
617,1192,2
617,1028,5
617,1927,4
617,2565,3
617,7078,4
617,2227,4
618,2040,4
618,20,1
618,7021,4
618,5477,3
618,3514,5
618,1912,3
618,2512,2
618,1846,2
618,2763,1
618,5547,2
618,4806,5
618,6463,4
618,2355,3
618,4099,5
618,7077,2
618,4118,5
618,6605,3
618,1464,1
618,5931,5
618,530,2
618,4327,4
618,4233,5
618,2271,4
618,6564,5
619,4068,4
619,1165,5
619,823,4
619,5845,5
619,5980,1
619,5258,2
619,4138,3
619,3154,5
619,433,3
619,478,5
619,1659,4
619,1336,2
619,511,2
619,5725,4
619,1651,5
619,860,4
619,4871,4
620,4544,5
620,3399,5
620,373,4
620,6395,2
620,6137,5
620,859,3
620,5163,3
620,6206,3
620,3178,2
620,1274,4
620,6230,3
620,2906,4
620,5601,5
620,5859,4
620,5053,5
620,6154,4
620,417,5
620,5912,4
620,4156,2
620,2116,3
620,807,2
620,4766,4
620,5308,4
620,2333,4
620,6925,4
620,5211,5
620,3822,4
620,6729,5
620,4291,2
620,2692,3
621,6210,5
621,4817,4
621,5191,4
621,3147,5
621,2058,4
621,3941,1
621,4017,4
621,6347,4
621,988,3
621,4386,5
621,1621,2
621,3974,5
621,2775,5
621,6860,3
621,1857,5
621,330,4
621,3665,1
621,3434,5
621,4584,4
621,7072,5
621,868,4
621,57,5
621,1491,3
621,6539,4
621,2349,1
621,4481,5
621,122,4
621,5519,4
621,5921,4
622,2014,4
622,4735,3
622,6960,2
622,2987,2
622,5709,4
622,6132,1
622,1163,3
622,732,1
622,2636,5
622,449,5
622,6027,4
622,945,3
622,6870,5
623,6951,1
623,1735,3
623,5757,2
623,6128,4
623,5692,5
623,921,2
623,5079,1
623,4408,5
623,7091,1
623,1819,2
623,4734,5
623,1121,4
623,2363,5
623,4438,5
623,7006,5
623,2398,5
623,4123,4
623,540,4
623,1805,5
624,5470,4
624,5033,5
624,7065,3
624,2703,4
624,1906,5
624,2538,5
624,4505,5
624,743,2
624,765,4
624,25,4
624,2669,3
624,139,5
624,6718,5
624,970,2
624,6234,5
624,2262,5
624,4085,5
625,6612,5
625,806,4
625,1097,3
625,1918,4
625,4851,3
625,3048,5
625,6267,4
625,4610,5
625,4077,5
625,4150,5
625,2796,4
625,2967,4
625,2126,2
625,1267,4
625,3083,4
625,6996,1
625,5238,3
625,373,5
625,6245,4
625,5500,4
626,6182,1
626,5343,3
626,3937,4
626,4354,5
626,5252,5
626,6165,4
626,1883,3
626,3941,4
626,5444,3
626,5920,1
626,501,4
626,1773,3
626,800,5
626,3986,4
626,2605,4
626,2514,5
626,1869,5
626,4342,3
627,6831,4
627,2459,4
627,374,4
627,3675,2
627,3412,5
627,3511,4
627,2053,4
627,1114,4
627,84,2
627,3648,5
627,5346,4
627,3090,5
627,5596,4
627,1694,5
627,1178,5
627,3917,4
627,553,3
627,7042,2
627,6838,3
627,5786,4
627,1691,3
627,2771,1
627,1705,5
627,5952,4
627,4493,5
627,3284,4
628,3885,3
628,1638,4
628,4732,5
628,3425,4
628,6080,2
628,686,4
628,2681,4
628,4883,4
628,6993,5
628,3681,3
628,3514,3
628,2108,5
628,6361,4
628,72,5
629,6808,3
629,6400,5
629,4316,3
629,2127,4
629,1205,4
629,6922,2
629,1482,2
629,3906,4
629,1720,4
629,7047,5
629,3296,4
629,6140,2
629,6859,4
629,1066,4
629,3730,2
629,5969,3
629,1689,4
630,3047,4
630,934,5
630,2367,4
630,2197,4
630,6857,2
630,4525,5
630,3310,3
630,4727,4
630,4533,3
630,1906,5
630,265,2
630,3070,4
630,1439,5
630,848,4
630,6844,5
630,3480,5
630,4739,5
630,64,5
630,1698,2
630,4788,5
630,7016,4
630,6606,5
630,1467,5
630,1533,4
630,242,5
630,1476,3
630,6118,3
631,3385,4
631,6841,5
631,3758,4
631,1503,3
631,2079,4
631,2290,4
631,3086,5
631,4731,1
631,1833,4
631,6986,5
631,926,3
631,7069,3
631,6621,3
631,3609,5
631,1309,5
632,2662,3
632,890,5
632,5725,5
632,4944,2
632,1793,5
632,6047,5
632,4953,4
632,1842,4
632,1042,5
632,3784,4
632,5740,3
632,1294,4
632,6210,4
632,4040,3
632,1476,4
632,4431,4
632,7054,4
632,712,4
632,1311,4
632,4690,1
632,965,5
632,6735,4
632,3175,5
632,1820,4
632,2851,4
632,5342,4
632,391,4
633,1389,3
633,365,1
633,4469,3
633,83,2
633,5448,4
633,5856,5
633,846,3
633,4628,5
633,6900,4
633,6917,3
634,4689,4
634,283,5
634,4790,5
634,1844,3
634,1420,5
634,1285,4
634,2854,1
634,1576,5
634,2025,4
634,1689,5
634,1419,5
634,53,3
634,1374,5
634,2004,4
634,2928,5
634,550,3
634,333,5
634,1261,3
634,6632,3
634,3065,5
634,5340,4
634,6597,2
634,2714,5
634,2818,1
634,6991,4
634,486,5
634,929,5
635,1003,3
635,1034,5
635,6812,4
635,6460,2
635,2207,2
635,6165,2
635,2213,5
635,741,4
635,1324,2
635,4749,4
635,471,4
635,3639,3
635,6390,2
635,2730,1
635,6155,3
635,4902,5
635,3217,3
636,4639,2
636,1664,3
636,3671,4
636,2800,3
636,5096,4
636,6527,5
636,801,5
636,4800,3
636,1084,3
636,1481,4
636,3240,4
636,3656,5
637,3138,5
637,842,4
637,1162,3
637,5744,5
637,208,3
637,5085,3
637,3487,5
637,986,2
637,3674,4
637,6624,5
637,6278,4
637,1872,3
637,216,3
637,36,5
637,4678,2
637,4858,4
637,1297,2
637,5405,3
638,4238,5
638,6974,4
638,3617,5
638,3974,5
638,4843,3
638,3776,2
638,5224,4
638,1144,5
638,2137,3
638,3818,5
638,4959,3
639,6481,4
639,896,4
639,4839,4
639,1477,2
639,6028,3
639,60,5
639,2478,4
639,6321,5
639,4446,3
639,3957,5
639,4035,3
639,339,4
639,3534,5
639,4036,5
639,5194,4
639,3131,5
639,6795,4
639,4706,5
639,1624,3
639,1711,4
639,1920,5
639,6205,2
639,1393,5
639,4824,1
639,4829,4
639,4572,4
639,3522,2
640,6380,5
640,1378,5
640,2968,4
640,2499,5
640,1775,5
640,7063,4
640,6390,4
640,5223,3
640,2612,5
640,6038,5
640,3057,4
640,656,2
640,6436,5
640,4797,5
640,3209,3
640,1382,3
640,4550,3
640,1302,4
640,1414,4
640,1503,5
640,2870,4
640,70,4
640,6184,4
640,870,5
640,4368,4
640,1502,2
640,2889,4
640,5974,3
641,6783,5
641,6874,2
641,431,3
641,4757,4
641,2959,3
641,3525,4
641,1590,2
641,1516,3
641,546,4
641,3909,2
641,6848,4
641,2335,4
641,5300,1
641,322,1
641,153,5
641,5875,5
641,1897,2
641,5034,4
641,613,1
641,408,4
642,908,4
642,5612,3
642,6130,4
642,3424,4
642,6807,4
642,6885,2
642,449,3
642,3883,2
642,3571,5
642,1063,5
642,3202,5
642,2305,2
642,1789,4
642,5805,5
642,4306,3
642,5842,5
642,2899,5
642,84,3
642,120,5
642,4689,5
642,2667,4
642,1869,3
643,952,5
643,6134,4
643,1610,3
643,3766,5
643,1463,5
643,3800,5
643,3849,5
643,5394,4
643,3181,5
643,4287,2
643,2965,4
643,3904,1
643,3442,2
643,6160,5
643,259,4
643,3456,4
643,7034,3
643,5673,4
643,1707,1
644,2351,4
644,4590,3
644,1795,3
644,3647,5
644,2520,4
644,2184,4
644,6320,5
644,2189,1
644,637,4
644,6296,3
644,4064,4
644,1378,5
644,1794,4
644,2200,5
644,2829,4
645,339,5
645,2300,3
645,5637,5
645,3830,4
645,1416,5
645,1620,1
645,4224,5
645,3554,4
645,6012,2
645,5784,4
645,2180,1
645,517,4
645,5348,4
645,99,4
645,26,2
645,4879,3
645,2776,4
645,1860,5
645,4103,3
645,2762,3
645,5126,2
645,2563,5
645,3946,2
645,6077,5
645,2194,5
645,1428,5
645,748,4
645,3201,4
646,6955,4
646,3828,5
646,1076,2
646,5565,4
646,3176,4
646,6185,4
646,1915,2
646,3310,5
646,4533,3
646,6628,1
646,6407,4
646,550,5
646,3012,4
646,5399,1
646,2432,5
646,5685,4
646,713,5
646,4255,4
646,3053,3
646,6688,1
646,4239,5
646,6115,4
646,4988,5
647,4171,3
647,2012,2
647,1730,1
647,221,4
647,3246,4
647,3957,4
647,5280,3
647,3604,4
647,5454,3
647,1728,4
647,182,5
647,6696,4
647,3314,5
647,3858,4
647,5741,3
647,6483,4
647,985,3
647,4489,4
647,1111,4
647,1499,5
647,6020,5
647,1502,5
647,3445,1
647,3361,5
647,7025,5
647,3894,4
647,4707,5
647,5262,5
648,2479,2
648,4677,2
648,1130,5
648,1138,4
648,6786,5
648,966,5
648,5689,1
648,3730,3
648,480,5
648,2149,4
648,5307,5
648,7016,4
648,4595,4
648,3461,4
648,6266,4
648,5735,4
648,6265,3
648,636,2
648,4465,3
648,7080,5
648,3288,5
648,5593,5
648,5925,5
648,3627,3
648,243,2
648,3335,5
648,3201,5
648,1687,4
648,1530,5
648,6872,3
649,1405,5
649,3319,3
649,4811,5
649,2391,4
649,1292,1
649,247,3
649,1689,5
649,5881,4
649,5697,4
649,4844,1
649,4387,4
649,5627,3
649,5446,4
649,1920,5
649,713,4
649,5526,1
649,6316,3
649,1944,4
650,2224,5
650,1900,4
650,4599,5
650,4199,4
650,6082,4
650,6355,4
650,2276,4
650,5395,5
650,6441,4
650,2009,4
650,6649,4
650,444,4
650,5712,4
650,1201,3
650,6412,4
651,7075,5
651,6189,4
651,6214,3
651,424,4
651,843,1
651,3109,1
651,5328,4
651,6970,1
651,2069,4
651,6327,5
651,4758,5
651,5920,4
651,5391,4
651,1162,4
651,6962,4
651,5357,4
651,4186,3
651,763,5
651,2691,3
651,12,3
651,1636,4
651,3676,5
651,6346,1
651,379,5
651,937,4
651,3899,4
651,445,4
651,4907,5
652,1506,1
652,5255,2
652,5298,1
652,3825,4
652,5171,4
652,2257,4
652,727,5
652,616,5
652,3432,4
652,4422,4
652,17,5
652,3465,3
652,4852,3
652,5614,5
652,920,4
652,5891,4
652,4913,4
652,3152,3
652,7033,4
652,902,5
652,1404,4
652,6552,1
652,3868,3
652,3327,5
652,3210,3
652,1084,4
652,127,4
652,4566,3
653,1760,2
653,3340,4
653,4887,4
653,152,4
653,4796,2
653,737,5
653,1279,3
653,1825,3
653,3756,5
653,2983,5
653,2036,3
653,73,4
653,1496,3
653,4516,5
653,2181,3
653,4668,5
653,3697,4
653,3318,5
653,6741,5
653,6687,5
653,5768,3
654,1991,4
654,3277,5
654,6775,4
654,5748,4
654,2228,4
654,6884,3
654,4178,5
654,4479,4
654,1203,5
654,973,5
655,3505,3
655,314,5
655,3122,5
655,3303,5
655,6609,4
655,3797,3
655,4950,5
655,6352,5
655,5119,3
655,4333,4
655,3340,3
655,2324,5
655,4794,4
655,603,2
655,1059,4
655,3054,4
655,4763,5
656,4779,4
656,3343,5
656,1449,4
656,1549,3
656,2824,5
656,3088,4
656,4999,3
656,4833,3
656,4921,4
656,5384,1
656,6726,5
656,1264,5
656,4816,5
656,6039,5
656,4941,2
656,6480,3
656,6013,4
656,4490,3
656,2031,5
656,1764,2
656,2626,5
656,6156,4
656,4528,1
656,6019,5
656,3911,3
656,7087,1
656,3275,5
656,4554,4
657,1202,3
657,6881,5
657,5053,4
657,5934,3
657,6119,4
657,551,4
657,6491,2
657,2498,4
657,6071,4
657,5341,4
657,5417,5
657,1858,4
657,6987,3
657,276,5
657,2328,5
657,5989,2
657,4620,5
657,579,3
657,1783,5
657,2461,4
657,968,2
657,136,3
658,6812,5
658,1901,5
658,253,1
658,4671,5
658,3968,4
658,3494,4
658,3507,5
658,4985,2
658,6556,4
658,838,3
658,5098,5
658,2138,4
658,4576,4
658,5082,2
658,3282,4
658,1024,4
658,4656,5
658,6777,3
658,6363,5
658,4466,5
659,6318,4
659,2378,4
659,6959,2
659,6935,5
659,55,3
659,2536,3
659,2030,2
659,6515,4
659,2517,4
659,4020,5
659,2110,2
659,987,3
659,5823,4
659,1338,5
659,2604,4
659,1847,2
659,594,3
659,5379,4
659,1590,3
659,3949,1
659,5410,3
659,5068,3
659,2586,3
659,6966,5
659,3315,3
659,794,4
659,104,4
659,424,1
659,4064,3
659,4015,4
660,6142,5
660,4378,4
660,3407,5
660,7094,5
660,1054,2
660,6344,4
660,1847,5
660,2582,3
660,538,4
660,42,3
660,5667,3
660,6856,4
660,3853,5
660,3387,1
660,2632,5
660,624,4
660,6368,4
660,6201,1
660,4983,3
660,584,5
660,6442,5
660,3860,5
660,5159,3
660,279,5
661,2222,2
661,5884,1
661,6559,3
661,5072,5
661,3214,1
661,5481,3
661,2996,5
661,2038,2
661,4933,3
661,5459,1
661,958,5
661,3263,4
661,384,5
661,5297,4
661,4029,3
661,6727,5
661,3873,1
661,22,3
662,3224,4
662,6299,1
662,1313,4
662,6284,3
662,6049,4
662,5991,2
662,326,5
662,1954,3
662,4208,4
662,3045,4
662,6723,5
662,4456,5
662,4543,3
662,3271,4
662,5607,3
662,2283,5
662,5147,4
662,5680,4
662,6092,3
662,172,1
662,5407,5
662,3643,5
663,3992,5
663,348,3
663,4141,3
663,5896,2
663,4957,4
663,4574,5
663,3956,5
663,4887,4
663,1377,2
663,336,4
663,5566,4
663,5862,4
663,962,3
663,4910,5
663,5728,3
663,5039,4
663,759,2
663,4430,4
663,6873,1
663,5921,5
663,6736,5
663,5675,4
663,5154,3
664,2568,5
664,1850,3
664,4920,5
664,3853,5
664,5555,2
664,57,4
664,3899,5
664,3910,5
664,2233,5
664,2976,5
665,3635,3
665,6149,3
665,520,5
665,2369,4
665,3198,4
665,6110,4
665,601,5
665,6740,3
665,5059,3
665,4688,5
665,2776,4
665,5973,1
666,111,5
666,1129,4
666,6136,1
666,3148,5
666,603,2
666,6060,3
666,4379,4
666,2467,3
666,134,5
666,1062,4
666,3063,2
666,3982,4
666,6659,4
666,4550,4
666,3673,4
666,48,5
666,1770,4
667,988,4
667,89,4
667,7041,4
667,1772,3
667,4805,2
667,358,4
667,4852,3
667,968,4
667,1350,1
667,480,5
667,6598,4
667,6068,2
667,1943,5
667,5235,3
667,236,5
667,1172,4
667,2988,3
667,1108,3
667,190,5
667,4983,5
667,2148,4
667,2776,2
667,1294,3
667,5640,5
667,1638,5
667,6286,3
667,3768,3
667,6201,3
668,741,3
668,1018,5
668,4566,4
668,133,2
668,5166,4
668,4596,2
668,989,4
668,5884,4
668,4489,3
668,4876,5
668,3189,2
668,2849,4
668,5154,2
668,2870,4
668,4336,1
668,1731,1
668,2321,4
668,6872,4
668,6924,5
668,2318,5
668,6243,4
668,2704,2
668,3261,4
668,3327,5
668,1285,4
668,7102,4
669,3067,4
669,1630,2
669,5577,4
669,35,3
669,555,4
669,3614,2
669,1887,2
669,5565,3
669,5946,2
669,5200,3
669,738,3
669,3466,4
670,463,4
670,5813,4
670,3075,5
670,2164,5
670,5995,5
670,6105,4
670,2993,4
670,1751,4
670,795,5
670,5570,3
670,6649,5
670,2620,4
670,5688,4
670,3830,4
670,4780,2
670,445,3
670,2615,5
670,5920,5
671,2161,3
671,5138,1
671,5493,4
671,4583,4
671,3768,3
671,3243,4
671,4480,4
671,56,3
671,3065,3
671,5625,5
671,3839,4
671,402,4
671,6324,4
671,1521,5
671,1989,2
671,6111,4
671,5685,5
671,3917,3
671,6943,1
671,3883,5
671,6564,5
671,5988,3
671,726,5
671,4440,5
671,2173,5
672,3080,3
672,5057,4
672,7040,3
672,4863,5
672,5347,2
672,1530,4
672,2115,3
672,1354,5
672,3598,4
672,3878,3
672,1939,3
672,5095,3
672,5809,4
672,1306,4
672,1833,4
672,5905,5
672,4382,1
672,2770,4
672,5338,3
672,1152,3
672,382,2
672,1119,5
672,1952,4
672,5619,2
673,471,4
673,3625,3
673,2650,5
673,3575,5
673,4656,5
673,5650,3
673,4991,2
673,5098,4
673,568,4
673,1652,3
673,4514,2
673,1811,5
673,1018,4
673,241,5
673,30,5
673,5870,4
673,6818,3
673,3222,4
673,6460,5
673,2329,4
673,2014,3
673,1748,4
674,3100,1
674,6533,4
674,283,5
674,2744,5
674,5032,2
674,2565,4
674,1388,1
674,5111,4
674,4124,4
674,6522,5
674,2492,4
674,1108,3
674,5162,4
674,2356,2
674,694,4
674,5963,1
674,6750,5
675,112,5
675,6903,5
675,327,5
675,2007,5
675,5788,5
675,3316,3
675,1563,4
675,6593,3
675,4164,4
675,5426,4
675,2923,2
675,5196,5
675,6938,5
675,6503,4
675,6632,4
676,6132,4
676,4704,5
676,6870,3
676,4437,5
676,5800,5
676,2275,4
676,6898,3
676,4900,2
676,6468,3
676,633,4
676,2110,5
676,4904,2
676,5784,2
676,4145,5
676,3500,4
676,281,5
676,4827,4
676,6062,4
676,5080,4
676,2580,5
676,6667,3
676,2568,3
676,116,5
676,7100,3
676,2310,1
677,1494,5
677,5611,3
677,3689,4
677,3579,3
677,6072,5
677,5726,4
677,1338,3
677,1126,5
677,1581,5
677,6689,4
677,4846,2
677,4350,4
678,4311,5
678,1157,4
678,1054,4
678,1679,3
678,3688,5
678,4307,4
678,5267,4
678,4473,5
678,5316,3
678,3957,1
678,473,4
678,2701,4
678,5384,4
678,4478,4
678,6945,4
678,2376,5
678,552,3
678,3177,4
678,4277,3
678,405,1
678,3149,4
678,5714,5
678,631,3
678,5990,4
678,1637,2
678,5717,5
679,4701,4
679,1152,3
679,3417,4
679,685,4
679,3147,5
679,3283,3
679,1084,4
679,60,4
679,810,4
679,3429,3
679,2643,5
680,2884,4
680,818,4
680,1410,4
680,2087,3
680,3852,3
680,3530,5
680,2249,5
680,46,3
680,56,5
680,428,4
680,3165,4
680,4290,3
680,3656,2
680,2765,5
680,4268,3
680,6446,4
680,6629,5
680,3399,5
680,6622,1
680,4349,5
680,7011,5
680,1087,5
680,2385,5
680,5597,5
680,470,4
681,3344,3
681,1589,1
681,373,4
681,5097,4
681,2443,1
681,6634,4
681,2193,5
681,1260,5
681,1738,3
681,4199,4
681,5267,1
681,3368,5
681,497,4
681,1420,5
681,370,4
681,6531,4
681,5682,5
682,3989,3
682,1105,4
682,6887,5
682,2234,4
682,2757,4
682,1252,4
682,4548,3
682,2201,3
682,897,1
682,1718,3
682,2970,5
682,3188,5
682,4992,1
682,2214,4
682,4314,4
682,107,3
682,2447,4
682,2603,3
682,346,4
682,3801,5
682,1676,1
682,2899,3
682,6172,2
682,6308,5
682,3093,4
682,6158,5
682,5663,3
682,4031,3
683,3839,4
683,1566,4
683,6917,3
683,2557,4
683,1258,4
683,334,4
683,1862,5
683,789,4
683,4616,2
683,6095,5
684,5625,4
684,4281,5
684,5911,3
684,1302,4
684,1650,3
684,30,4
684,4103,3
684,4276,5
684,6181,4
684,5930,5
684,1057,4
684,6873,4
684,4967,5
684,2621,5
684,6444,3
684,5254,4
684,4259,4
684,3247,5
685,808,4
685,6957,5
685,3632,4
685,1576,5
685,5732,5
685,20,4
685,3145,4
685,3300,3
685,1489,2
685,6909,4
685,4836,4
685,1750,3
685,5383,3
685,5261,4
685,5581,4
685,708,1
686,1251,1
686,1929,5
686,1093,5
686,3769,4
686,5938,5
686,1183,5
686,1802,5
686,5355,4
686,3881,4
686,975,4
686,3688,4
686,5117,5
686,4117,5
686,4745,4
686,220,5
686,1241,2
686,1402,5
686,1867,4
686,3862,3
686,5564,3
686,6779,4
686,4695,5
686,463,5
687,4430,4
687,5114,4
687,5615,4
687,325,4
687,6905,4
687,3706,4
687,6135,3
687,1721,1
687,3791,3
687,4212,1
687,543,4
687,2889,2
687,4777,3
687,530,4
687,2624,2
687,4047,2
687,4935,4
687,475,4
687,4569,1
687,4759,5
687,2478,5
687,3027,4
687,4177,5
687,4985,2
687,6243,5
687,5834,4
687,5137,4
688,3170,5
688,6941,4
688,5371,2
688,6423,4
688,6245,5
688,805,3
688,4184,5
688,6283,4
688,1096,5
688,6680,4
688,6622,3
688,217,5
688,5315,5
688,6779,3
688,4001,3
688,57,4
688,3291,3
688,3178,4
688,5859,4
688,6229,4
688,6961,5
688,4882,3
688,300,5
688,970,3
688,385,4
688,3724,1
688,4801,4
688,1080,3
688,1797,2
688,3940,3
689,820,2
689,2645,4
689,2697,4
689,2787,5
689,5178,3
689,349,3
689,5581,5
689,6915,3
689,6288,3
689,2607,5
689,3604,4
689,5538,2
689,268,2
689,2928,2
689,1040,5
689,5273,5
690,5747,4
690,838,4
690,6164,5
690,1248,2
690,1858,4
690,5309,3
690,6498,5
690,2643,3
690,6970,4
690,403,3
690,1625,4
690,3281,4
690,4388,5
690,3636,1
690,932,5
690,2656,3
690,5142,5
690,6144,5
690,3223,4
690,6710,3
690,6360,1
690,4373,4
690,4929,5
690,611,4
690,6092,4
690,306,5
690,4774,4
690,5233,3
690,3587,2
690,3689,4
691,2998,4
691,3711,5
691,5786,4
691,1312,4
691,4926,5
691,5761,3
691,5483,3
691,1206,2
691,5427,5
691,3597,5
691,1913,2
691,855,3
691,4170,5
691,3223,4
691,4583,4
691,6340,5
691,6086,1
691,1707,4
691,5821,3
691,309,3
691,1119,4
691,4627,4
691,6798,3
691,726,3
691,2715,2
692,4688,5
692,2922,5
692,4462,2
692,2321,5
692,5327,3
692,674,3
692,5137,4
692,3989,4
692,2193,2
692,6068,4
692,4995,5
692,941,3
692,3479,4
692,521,4
692,3620,1
692,24,5
692,2758,4
692,107,5
692,1323,2
692,1356,4
692,630,4
692,4207,5
692,5442,5
692,770,5
692,3313,1
692,4624,3
692,4520,5
692,588,4
692,5288,5
692,6833,5
693,5947,3
693,5290,5
693,4793,5
693,3149,2
693,5792,5
693,6710,2
693,1533,4
693,954,5
693,4569,3
693,1545,4
693,3404,1
693,3089,5
693,3706,3
693,3765,4
693,1008,4
693,4913,3
693,6113,4
693,3092,4
693,3403,5
693,3390,2
693,3567,5
693,638,4
693,12,3
693,1143,4
693,2567,3
693,6116,4
693,3228,3
693,1970,1
694,1730,4
694,2009,2
694,6364,4
694,7031,3
694,2870,5
694,513,4
694,3751,2
694,2490,4
694,6975,5
694,3239,5
694,2953,4
694,3557,5
694,2516,4
694,1147,4
694,6627,5
695,1496,5
695,3981,5
695,5614,5
695,3593,5
695,3077,3
695,6969,4
695,2152,4
695,6651,3
695,759,5
695,2446,3
695,4979,1
695,368,4
695,215,3
695,1772,3
695,7031,3
695,6494,4
695,6671,4
695,4485,5
695,2649,2
695,20,4
695,1465,3
695,6086,5
695,6566,2
695,2740,2
695,2812,3
695,520,5
695,5968,4
695,5914,4
695,1706,4
695,6813,3
696,1097,4
696,5637,2
696,66,3
696,2371,4
696,114,5
696,4777,4
696,2639,2
696,2338,5
696,1997,4
696,3611,5
696,4059,2
696,5329,3
697,2658,5
697,754,1
697,531,5
697,2049,2
697,1874,4
697,3548,1
697,3943,4
697,4381,4
697,3379,3
697,1399,3
697,5171,3
697,851,4
698,3330,4
698,5261,3
698,4488,5
698,5338,2
698,6863,5
698,18,3
698,1169,5
698,7075,1
698,3504,1
698,6733,3
698,4736,2
699,3536,2
699,2746,3
699,5300,4
699,5663,2
699,2745,2
699,5696,5
699,154,4
699,5531,3
699,2674,5
699,6807,4
699,1131,2
699,1377,5
699,2361,3
699,6069,1
699,782,3
699,785,5
699,2369,4
699,6457,3
699,1256,3
699,223,4
699,3307,2
699,3349,1
699,3935,5
699,300,5
699,844,5
699,2580,5
700,6210,4
700,1701,4
700,2097,5
700,4376,2
700,2512,3
700,1712,3
700,1831,4
700,4717,3
700,827,5
700,1576,4
700,1866,3
700,5257,3
700,1427,3
701,2444,4
701,6328,4
701,6587,4
701,2440,4
701,4992,4
701,3626,4
701,3507,5
701,6496,3
701,40,4
701,1419,4
701,2160,4
701,4781,3
701,4194,4
701,3522,3
701,3517,4
701,1583,5
701,2192,3
701,1424,3
701,6106,4
701,446,5
701,5977,4
701,6637,3
702,2191,5
702,3997,4
702,6258,2
702,3195,4
702,1291,5
702,3028,3
702,6451,4
702,2017,4
702,5239,4
702,4185,3
702,496,4
702,5075,5
703,6264,5
703,3226,4
703,3557,5
703,5895,5
703,2603,3
703,5463,3
703,1911,5
703,2769,5
703,1707,4
703,4597,5
703,4755,3
703,5724,2
703,5647,4
703,5732,3
703,3340,4
703,1042,4
703,6241,5
703,5192,5
704,4481,4
704,1839,5
704,2654,5
704,2223,5
704,1740,2
704,5401,2
704,2347,5
704,3365,4
704,4493,4
704,2691,2
704,4097,5
704,6136,4
704,3515,3
704,2018,4
704,5478,1
704,4732,1
704,214,5
704,3382,4
704,6429,4
704,829,4
704,3221,3
704,5986,5
704,4410,1
704,1205,2
704,2425,4
704,4632,4
704,3853,4
704,4835,4
704,5233,5
704,1936,4
705,3167,3
705,5995,5
705,2253,4
705,4700,3
705,1703,3
705,965,2
705,1079,4
705,1003,5
705,2338,3
705,3262,5
705,6420,3
705,1609,5
705,4850,3
705,6293,5
706,891,4
706,3768,2
706,1136,4
706,6128,5
706,4792,1
706,7049,4
706,6607,4
706,4822,3
706,5165,3
706,2462,2
706,92,2
706,1763,4
706,3239,3
706,6722,5
706,4691,4
706,2148,2
706,4142,5
706,6934,3
706,5447,4
706,654,5
706,5470,1
706,899,5
706,1487,3
706,5259,3
706,3388,5
706,5755,3
706,3139,5
706,5886,4
706,2393,4
707,5616,5
707,2241,5
707,4370,4
707,6509,3
707,822,2
707,2305,3
707,373,4
707,6762,2
707,4614,1
707,4468,3
707,6530,4
707,5663,4
707,2173,4
707,725,5
707,5966,1
707,508,3
708,316,4
708,1233,3
708,4338,2
708,4602,5
708,6805,5
708,3417,3
708,6989,5
708,3416,5
708,975,3
708,3311,3
708,4458,3
708,270,2
708,6127,3
708,592,2
708,5085,2
709,4632,5
709,5499,4
709,787,3
709,3978,5
709,6859,1
709,4847,2
709,816,5
709,1682,4
709,4452,1
709,3130,5
709,481,4
709,654,5
709,2653,2
709,6448,2
709,3936,2
709,810,4
709,7005,5
709,5749,3
709,707,2
709,6477,4
709,4059,4
709,950,5
709,1665,4
709,1107,5
709,6411,4
710,3018,3
710,4021,3
710,3117,3
710,2413,5
710,7046,2
710,3511,3
710,1536,5
710,4957,3
710,587,2
710,1956,4
710,4539,4
710,6460,4
710,652,4
710,307,4
710,5219,3
710,4090,3
710,2471,3
710,5035,3
710,910,5
710,5387,4
710,3104,3
710,1000,2
710,6409,2
710,4731,4
710,2345,4
710,1387,5
711,4782,5
711,4446,4
711,4892,3
711,5773,4
711,5026,4
711,2260,4
711,4264,5
711,4306,3
711,2940,2
711,3489,5
711,3198,4
711,4952,5
711,2312,4
711,4150,4
711,4671,2
711,4897,4
711,1809,4
711,478,1
711,250,4
711,3024,1
711,868,1
711,4840,1
711,5150,3
711,5740,5
712,911,5
712,6871,5
712,1822,1
712,41,4
712,6704,5
712,3097,4
712,4171,4
712,5310,4
712,3448,5
712,7054,5
712,1474,2
712,2135,2
712,331,2
712,6450,4
712,5737,3
712,4193,4
712,3646,2
712,6373,4
713,1146,5
713,1878,4
713,1170,4
713,4523,4
713,1213,4
713,1482,1
713,1433,3
713,4555,1
713,1269,5
713,2325,3
713,107,4
713,4391,2
713,2275,4
713,3858,5
713,2676,5
714,2842,2
714,5464,5
714,243,5
714,6766,4
714,6987,2
714,6343,5
714,2575,4
714,1591,5
714,2610,4
714,6387,1
714,3629,5
714,1192,4
714,1349,1
714,6276,5
714,5268,1
714,4346,2
714,4850,5
715,5095,5
715,2356,5
715,7100,2
715,5835,4
715,2698,3
715,1987,4
715,2468,5
715,632,3
715,5023,5
715,2727,2
715,6218,1
715,1034,2
715,6444,4
716,4999,5
716,1829,4
716,184,5
716,3158,5
716,1818,5
716,6193,4
716,2820,4
716,4077,3
716,4581,3
716,5263,3
716,5819,3
716,204,4
716,5518,4
716,1862,4
716,3806,4
716,4573,1
716,4793,5
716,6333,3
716,945,5
716,5469,1
716,1195,4
716,797,5
716,1817,4
716,6749,1
716,5412,3
716,5083,5
716,5942,4
717,3515,4
717,121,2
717,3090,4
717,546,4
717,5962,2
717,397,3
717,3182,1
717,2716,3
717,3443,4
717,3765,4
717,1970,4
717,1913,4
717,3705,5
717,6194,3
717,2239,3
717,3041,5
717,3637,4
717,354,5
717,679,3
717,3269,5
717,2607,1
717,1178,3
717,3638,3
717,3394,5
717,763,5
717,1824,3
717,3426,3
718,6281,3
718,261,3
718,2243,5
718,655,4
718,3722,3
718,5811,3
718,1032,4
718,2521,5
718,906,4
718,5899,1
719,6832,3
719,4087,2
719,4612,5
719,6627,4
719,3103,3
719,122,3
719,1328,3
719,2273,2
719,1347,4
719,3022,5
719,3704,2
719,503,4
719,1959,1
719,6249,1
719,1744,5
720,3564,4
720,3213,5
720,1505,4
720,5653,3
720,5056,5
720,4915,5
720,742,4
720,3625,5
720,1293,5
720,812,5
720,3976,5
720,2420,2
720,1285,3
720,4917,3
720,1137,1
720,6792,4
720,1073,5
720,216,4
720,2474,3
720,712,1
720,3336,2
720,3801,4
720,4436,2
720,6300,3
720,1448,3
720,976,4
720,2942,3
720,5607,4
720,1972,2
721,16,4
721,476,3
721,5293,3
721,177,5
721,1505,4
721,5805,5
721,4765,2
721,5308,5
721,2798,4
721,3524,4
721,814,1
722,4746,5
722,5092,3
722,6651,4
722,1168,4
722,1858,3
722,3,3
722,2340,1
722,6503,5
722,6386,4
722,2819,5
722,5955,4
722,6584,4
722,1779,4
722,1119,2
722,6085,2
722,1919,4
722,678,4
722,3154,5
722,5332,5
722,5140,3
722,3839,3
722,3813,4
722,6404,4
722,4378,5
723,1024,4
723,217,4
723,6420,2
723,4714,5
723,1311,2
723,4536,2
723,708,2
723,6728,2
723,5736,4
723,5308,4
723,2630,5
723,3905,1
724,6765,5
724,3914,2
724,5182,3
724,3502,3
724,1675,3
724,2746,1
724,2015,1
724,1109,5
724,1238,4
724,1625,3
724,5602,5
724,3983,4
724,1008,4
724,4416,5
724,2914,2
724,4798,3
724,1272,4
724,586,3
724,1130,3
724,3101,3
724,6707,4
724,5208,4
724,4233,4
724,5902,4
724,2330,2
724,5301,4
724,4199,5
724,3011,5
724,3392,2
724,1807,4
725,6565,4
725,5595,1
725,4070,4
725,3381,4
725,2805,5
725,4670,4
725,586,3
725,2792,4
725,1722,5
725,4290,3
725,1142,5
725,337,2
725,772,2
725,805,3
725,6381,3
725,2251,5
726,6617,3
726,2039,4
726,4005,3
726,6835,5
726,2993,4
726,5510,5
726,3213,5
726,2572,1
726,6155,4
726,3161,2
726,5026,1
726,3844,4
726,3364,2
726,2131,4
726,4333,3
726,3615,4
726,4188,3
727,1171,3
727,6704,5
727,5506,5
727,444,5
727,7097,4
727,3454,4
727,6274,3
727,1035,4
727,6149,3
727,3664,2
727,3423,2
727,5824,2
727,4032,4
728,35,4
728,1524,5
728,1207,2
728,6450,2
728,1604,4
728,2397,4
728,4042,2
728,3780,1
728,4506,3
728,7020,4
728,5648,2
728,7000,3
728,5728,4
728,5473,5
728,5979,5
728,5726,5
728,51,5
728,2350,3
728,2825,4
728,4036,5
728,5923,4
729,5723,2
729,5760,5
729,2209,5
729,2594,5
729,524,1
729,5879,5
729,3233,1
729,3999,5
729,3278,4
729,6274,3
729,5978,5
729,3647,2
729,96,5
729,3239,5
729,1614,5
729,3334,3
729,5162,5
729,1799,3
729,5496,5
729,1151,4
729,6952,4
729,7068,5
729,6421,4
729,6619,5
729,4261,4
729,3492,4
729,1642,4
729,35,5
730,5712,5
730,1694,4
730,3122,1
730,71,5
730,6978,5
730,2748,3
730,5243,5
730,5547,2
730,2074,5
730,4969,2
730,2343,4
730,3562,5
731,4619,2
731,1762,3
731,3065,5
731,408,5
731,6757,5
731,5350,4
731,7,4
731,634,1
731,887,5
731,2718,5
731,2390,4
731,3207,5
732,2341,4
732,2091,5
732,5226,3
732,558,4
732,501,5
732,2308,3
732,503,4
732,2227,2
732,1982,4
732,523,3
732,2855,3
733,2885,4
733,4142,1
733,409,5
733,1614,4
733,344,3
733,5115,4
733,5236,5
733,98,2
733,844,5
733,3303,4
733,4229,4
733,2603,5
733,3124,4
733,2308,2
733,3664,2
733,901,4
733,3989,5
733,6887,4
733,6681,5
733,3692,5
734,697,3
734,4659,3
734,4679,4
734,3850,4
734,6771,1
734,6812,3
734,3157,1
734,3592,5
734,2918,4
734,4744,4
734,6028,3
734,5839,4
734,4270,2
735,3456,4
735,2680,2
735,3602,4
735,5780,5
735,1228,4
735,4468,4
735,3027,2
735,2022,3
735,2987,5
735,1961,5
735,2027,4
735,4739,4
735,5375,5
735,4860,1
735,6311,5
735,6234,3
735,4171,3
735,1336,4
735,2312,3
735,1304,5
735,3177,4
736,6176,5
736,3147,1
736,3522,4
736,4853,5
736,4588,5
736,6644,1
736,5303,5
736,1818,5
736,2089,2
736,2594,5
736,570,1
736,5226,4
736,3039,5
736,6643,4
736,6051,5
736,5817,3
736,501,4
736,1348,4
736,2620,4
736,1030,5
736,4242,5
736,3036,2
736,2456,5
736,3493,3
736,872,3
737,5345,3
737,4128,4
737,3194,2
737,1625,5
737,8,4
737,6391,5
737,4936,4
737,503,5
737,70,2
737,3625,4
737,679,5
737,1199,5
737,599,4
737,393,2
737,6777,4
737,1159,4
737,5868,2
737,7025,4
737,2282,4
737,1153,3
737,1584,4
737,2418,5
737,5530,4
737,2377,1
737,4004,4
738,4292,4
738,7001,5
738,1921,4
738,1595,5
738,2355,3
738,6381,5
738,2179,4
738,131,5
738,143,3
738,5038,4
738,5844,1
738,3003,1
738,1247,4
738,1322,4
738,6751,3
738,6878,2
738,2306,2
738,1133,4
738,5525,4
738,3111,2
738,5588,5
738,5837,3
739,359,3
739,567,4
739,3251,3
739,5806,3
739,6789,4
739,1240,3
739,3432,4
739,73,4
739,251,5
739,4128,3
739,267,3
739,1102,4
739,3287,3
740,731,1
740,4916,3
740,1531,5
740,883,5
740,2323,4
740,4673,5
740,3300,4
740,3866,4
740,4670,5
740,747,2
740,6702,4
740,2065,3
740,3149,5
740,1986,4
740,5823,3
740,4139,5
740,3384,4
740,5190,3
740,3173,1
740,6988,1
740,5560,5
740,6813,4
740,1966,2
740,6654,4
740,1276,4
741,2491,3
741,5460,3
741,6113,2
741,3088,5
741,6470,4
741,143,4
741,2618,5
741,704,5
741,4826,4
741,197,3
741,4583,3
741,6272,5
742,1778,5
742,3124,4
742,4901,1
742,5838,4
742,6247,5
742,6820,3
742,1644,4
742,6650,3
742,105,3
742,732,5
742,476,4
742,465,3
742,5917,4
742,308,4
742,4827,3
742,429,5
742,4311,5
742,6723,4
742,4875,4
742,4822,2
742,1923,5
742,540,4
742,4530,4
742,3632,4
742,4268,4
742,933,5
742,5956,2
742,29,2
742,6631,4
742,2537,4
743,6988,5
743,7087,4
743,6234,5
743,4686,4
743,2482,5
743,6388,1
743,3759,4
743,5713,4
743,2100,3
743,6300,4
743,3751,4
743,6937,5
743,30,2
743,2846,4
743,5880,2
743,1804,3
743,603,4
743,6784,4
743,7071,4
743,723,4
743,297,5
744,235,1
744,6205,5
744,5967,4
744,850,5
744,3322,4
744,6654,4
744,3979,4
744,3499,4
744,3923,3
744,5653,4
744,7100,4
744,805,5
744,4170,4
744,4057,4
744,3921,4
744,3261,4
744,1026,4
744,5391,5
744,4348,5
744,4445,3
744,6639,3
744,1775,5
744,3351,4
744,1934,5
744,3542,4
744,4462,4
744,4308,4
744,5446,4
744,5462,3
744,2928,3
745,869,5
745,1110,5
745,2649,5
745,2796,3
745,5099,5
745,3904,2
745,3934,5
745,3808,4
745,1247,4
745,3553,4
745,2643,4
745,4941,5
745,6848,2
745,4063,5
745,3114,5
745,2427,5
745,204,4
745,4497,2
745,6869,4
745,1539,2
745,4563,2
745,3025,5
745,6078,4
745,4359,1
745,201,5
745,2597,4
745,240,1
746,1504,3
746,2145,1
746,2209,4
746,4869,4
746,5767,4
746,5231,4
746,1482,3
746,4283,5
746,3663,1
746,4597,4
746,6842,4
746,4024,2
746,2863,3
746,5238,3
746,3793,3
746,407,4
746,5131,5
746,1908,4
746,5263,1
746,136,3
746,6340,1
746,1157,5
746,4830,4
746,1607,3
746,147,5
746,1011,5
746,832,5
746,5989,5
746,1228,4
747,1137,5
747,2126,3
747,5748,5
747,6593,5
747,4703,4
747,3696,4
747,2977,5
747,1959,4
747,3846,1
747,6493,4
747,6019,5
747,5202,5
747,2361,4
747,203,3
747,5712,5
747,6627,3
747,2675,3
747,4053,2
747,6405,4
747,5655,4
747,753,4
747,6608,4
747,5259,5
748,4211,4
748,1627,4
748,5457,4
748,6123,4
748,2192,3
748,4150,3
748,1624,3
748,6443,5
748,2430,5
748,4600,4
748,6073,4
748,7013,1
748,1873,4
748,5417,4
748,2893,3
748,5365,5
748,4481,4
748,3514,5
748,5160,4
748,1310,3
748,7001,5
749,2463,2
749,1997,5
749,5970,1
749,3527,3
749,4891,3
749,5656,4
749,2762,5
749,7098,1
749,4387,4
749,259,3
749,2916,5
749,194,5
749,6251,5
749,5931,4
749,6475,4
749,2503,4
749,2614,5
749,6551,4
750,6918,2
750,4835,2
750,2578,4
750,2208,4
750,5201,4
750,6459,4
750,2829,4
750,5463,4
750,5151,3
750,5616,3
750,39,4
750,1979,5
750,4605,2
750,234,3
751,530,5
751,1140,3
751,3801,2
751,4887,5
751,2169,5
751,6322,2
751,5601,3
751,5625,4
751,5507,1
751,5607,5
751,1904,3
751,6753,4
751,1833,5
751,6148,5
751,4026,2
751,5082,4
751,7032,4
752,6603,4
752,5470,3
752,2817,5
752,909,3
752,5668,5
752,418,5
752,4289,5
752,2977,5
752,4062,4
752,1830,4
752,4329,3
752,1576,2
752,4538,4
752,5856,5
752,5545,3
753,2561,3
753,6191,2
753,5605,5
753,1801,5
753,5641,4
753,3717,5
753,5722,4
753,256,4
753,6265,5
753,3423,5
753,1111,3
753,3882,4
753,1527,5
753,4454,3
753,6923,4
753,881,4
753,3405,4
753,3732,4
753,1636,5
753,2027,4
753,3623,3
754,5090,5
754,485,4
754,3472,5
754,4677,2
754,1917,4
754,686,5
754,4943,4
754,6817,4
754,3534,2
754,1970,3
754,165,5
754,6472,3
754,6914,3
754,1924,5
754,5066,5
754,4896,4
754,2752,1
754,604,4
754,3570,5
754,6100,2
754,4047,3
754,2545,3
754,2749,2
754,266,4
754,5834,3
754,2702,3
754,5907,1
754,5042,4
755,1439,4
755,6434,3
755,5917,2
755,1945,5
755,877,3
755,2017,3
755,2091,4
755,1085,4
755,3861,3
755,2963,5
755,6284,5
755,3039,4
755,3617,5
755,3101,4
755,3822,4
755,1513,4
755,4967,4
755,4994,2
755,523,1
755,902,2
755,5884,4
755,2713,5
755,2398,5
755,4837,4
755,198,4
755,6131,5
755,2336,3
756,3702,5
756,1750,5
756,7022,4
756,1324,5
756,4171,3
756,913,2
756,6896,4
756,3500,4
756,1157,5
756,5614,5
756,5033,4
756,683,4
757,6373,2
757,3965,5
757,933,2
757,6331,3
757,220,2
757,2940,5
757,1121,3
757,4627,2
757,4209,4
757,5590,5
757,3696,4
757,3992,4
757,8,4
757,3621,1
757,5271,3
757,2392,5
757,2836,4
757,6966,5
757,4873,3
757,6066,3
757,5068,4
757,6885,5
757,5971,1
758,6382,2
758,389,3
758,2229,4
758,69,2
758,4952,3
758,6396,1
758,5888,5
758,6460,2
758,1685,3
758,2237,4
758,3343,2
758,5610,3
758,5650,2
758,3762,2
758,5565,4
758,2850,4
758,2437,4
758,5123,3
758,563,1
758,4394,4
758,5824,3
758,5927,5
758,1197,5
758,1966,4
758,6461,4
758,3473,5
758,4437,4
758,4136,3
758,788,5
758,365,3
759,5543,2
759,5468,4
759,5572,2
759,704,2
759,5312,4
759,5745,1
759,3923,2
759,2011,3
759,6047,4
759,3116,5
759,4917,1
759,103,4
759,3816,4
759,6136,4
759,4180,2
759,4853,3
759,5787,1
759,2508,4
759,5308,5
759,3982,5
759,3509,4
759,3949,2
759,1508,3
759,378,4
759,350,4
759,189,5
759,2896,4
759,1060,4
760,3239,3
760,2819,4
760,2772,2
760,3190,5
760,6739,5
760,941,4
760,4915,5
760,1524,4
760,3715,5
760,3504,4
760,4083,4
760,641,4
760,1935,3
760,3597,5
760,3654,4
760,6015,5
760,5606,5
760,6642,1
760,952,5
760,5636,3
760,6186,4
760,5535,5
760,4104,5
760,4099,4
760,3401,5
760,6144,3
760,1158,5
760,6934,5
760,3486,3
761,1677,3
761,5959,4
761,1789,5
761,6,5
761,2431,3
761,5570,5
761,904,3
761,586,1
761,6598,3
761,3744,3
761,3408,4
761,6382,4
761,792,4
761,5604,5
761,2442,5
761,1426,3
761,5129,4
761,5496,5
761,837,3
761,3068,1
761,1520,4
761,2420,4
761,4189,4
762,1866,1
762,3289,5
762,5971,4
762,1859,4
762,5653,2
762,6905,4
762,645,2
762,6271,3
762,2822,4
762,4723,4
762,1483,1
762,6117,4
762,1187,4
762,6385,4
762,5791,5
762,4864,4
762,930,2
762,5417,5
762,5274,3
762,1373,4
762,3953,4
762,472,5
762,3140,5
762,2701,4
762,4901,5
762,1827,4
762,2295,3
762,527,4
762,357,4
762,2164,2
763,1104,2
763,872,4
763,4016,4
763,1017,5
763,904,5
763,2286,1
763,4475,2
763,6993,3
763,3352,5
763,6476,5
763,2750,5
763,3420,3
763,2915,5
763,4233,2
763,6043,4
764,1377,2
764,4885,4
764,3776,4
764,3002,3
764,6822,5
764,2886,4
764,3675,2
764,6700,5
764,1458,3
764,6101,5
764,7100,5
764,6170,4
764,3394,5
765,3210,4
765,4345,4
765,1365,4
765,5715,3
765,387,4
765,932,3
765,6255,4
765,1697,5
765,5267,4
765,6744,4
765,106,2
766,629,3
766,3851,4
766,5029,4
766,7053,5
766,4316,4
766,2698,5
766,2193,4
766,4738,3
766,300,4
766,6179,5
766,6945,5
766,371,4
766,2543,5
766,5646,4
766,4932,5
766,6838,3
766,461,5
767,4945,3
767,5178,4
767,1262,5
767,1191,4
767,2639,5
767,6366,5
767,2801,5
767,867,5
767,3587,5
767,6625,5
767,2230,5
767,571,2
767,6829,5
767,4916,3
767,5739,3
767,6060,5
768,5703,5
768,4440,3
768,3237,3
768,1910,3
768,4681,3
768,4900,2
768,2139,3
768,2932,5
768,2115,5
768,800,4
768,6756,4
768,1703,5
768,5925,5
769,377,5
769,5329,3
769,4809,5
769,3511,5
769,5699,4
769,5419,4
769,2505,2
769,2968,3
769,6457,5
769,4745,4
769,4410,5
769,3807,4
769,1110,4
769,5157,2
769,2273,4
769,5975,3
769,263,3
769,4607,1
769,6137,5
769,5007,3
769,4959,4
769,7096,4
769,1440,5
769,5755,5
769,881,2
769,3775,4
769,3960,5
769,5210,5
769,6360,3
770,3373,5
770,5519,2
770,2012,5
770,1514,3
770,6008,3
770,1922,5
770,3554,4
770,2561,5
770,2527,3
770,118,5
770,771,1
771,2004,4
771,6623,2
771,6854,3
771,6176,5
771,3013,1
771,59,5
771,5715,3
771,4922,3
771,2520,4
771,3598,4
771,3369,4
771,2875,2
771,5747,3
771,744,1
771,966,3
771,5474,4
771,6027,3
771,4216,3
772,5606,5
772,5189,1
772,5108,3
772,457,4
772,4166,4
772,6755,3
772,1467,4
772,3158,5
772,7045,1
772,623,5
772,5467,3
772,6732,4
773,3545,4
773,4776,5
773,5439,4
773,3468,1
773,4914,4
773,1419,3
773,6351,5
773,1375,2
773,4668,4
773,2842,5
773,1914,3
773,1898,4
773,4401,4
773,3143,4
773,764,3
773,4658,4
773,2048,3
773,760,3
773,6838,4
773,535,4
773,5120,5
773,6739,3
774,3038,5
774,839,4
774,6042,3
774,4315,4
774,3123,3
774,3573,5
774,5015,1
774,2084,5
774,5993,3
774,305,5
774,4159,4
774,3560,5
774,6357,4
774,6622,4
774,2965,4
774,6651,3
774,2359,5
774,1439,4
774,2328,4
774,2040,1
774,5959,4
774,4604,5
774,1446,4
774,3143,5
774,5080,3
775,2643,1
775,4922,5
775,787,5
775,6877,3
775,7060,2
775,3852,4
775,3316,4
775,2688,5
775,367,5
775,2118,5
775,3751,4
775,1020,4
775,6574,4
775,4501,5
775,4284,4
775,1649,4
776,4746,4
776,2115,5
776,3743,5
776,134,5
776,3347,4
776,5740,3
776,872,4
776,3748,4
776,5736,4
776,6990,3
776,7005,4
776,5263,2
776,182,5
776,7072,4
776,7098,1
776,3549,2
776,4786,4
776,421,3
776,696,4
776,6932,5
776,2136,3
776,5089,3
776,3607,3
776,672,5
776,661,4
776,215,4
776,6215,4
776,1760,4
776,6540,1
777,2655,5
777,6221,5
777,136,3
777,5289,3
777,2745,4
777,6402,2
777,3350,5
777,3346,4
777,7019,3
777,5795,3
777,4723,4
777,6479,3
777,1878,1
777,3968,2
777,2811,2
777,2546,5
777,373,5
777,1111,4
778,3504,5
778,6099,4
778,1412,3
778,6189,4
778,3083,3
778,6806,5
778,2464,2
778,4212,5
778,6468,5
778,584,2
778,5154,4
778,3369,4
778,6230,3
778,6192,5
778,2042,4
778,4237,3
778,5298,5
778,2355,4
778,4693,4
778,2002,4
778,6215,5
778,6132,5
778,3335,4
778,7040,4
778,4581,4
779,399,5
779,1771,3
779,3172,2
779,2683,2
779,3399,5
779,1201,3
779,422,4
779,1591,4
779,6122,2
779,3460,5
779,1766,5
779,2078,1
779,2490,5
779,5570,5
779,2304,5
779,1730,3
779,5151,5
779,4875,4
779,2114,5
779,3301,3
779,4167,4
779,6396,2
779,4896,3
779,3092,4
779,6121,4
780,4173,5
780,5031,4
780,4540,4
780,4959,4
780,4000,5
780,6665,5
780,4062,5
780,2170,2
780,6418,4
780,4061,3
780,6335,5
781,6765,4
781,225,4
781,6170,3
781,6422,4
781,1966,3
781,3901,2
781,3189,3
781,3815,4
781,3439,3
781,4567,5
781,3893,2
781,2305,4
781,204,5
781,2172,4
781,1231,1
781,184,5
781,7098,5
781,3932,5
782,3263,5
782,2925,5
782,5947,5
782,4147,2
782,1228,4
782,1983,5
782,6101,4
782,2379,5
782,5917,4
782,2157,1
782,2813,5
782,2000,3
782,4303,1
782,6557,5
782,2732,5
782,5363,2
782,5383,5
782,3462,5
782,2993,4
782,2015,5
782,2801,4
783,637,5
783,644,3
783,4915,4
783,5647,3
783,6270,3
783,4897,4
783,4111,5
783,4650,4
783,4846,5
783,6026,4
783,3269,4
783,6828,1
783,2575,5
783,658,5
783,710,4
783,4486,4
783,833,5
783,5593,5
783,2607,4
783,4115,2
783,1761,4
783,6134,5
783,3668,5
784,3310,5
784,2810,4
784,4918,5
784,4801,5
784,3071,3
784,137,5
784,4315,4
784,5258,4
784,5069,4
784,555,5
784,2262,2
784,5884,2
784,1344,2
784,5745,5
784,1906,4
784,5666,4
784,1896,3
784,29,3
784,5980,5
784,1478,3
784,4704,4
785,2075,5
785,3717,1
785,6006,3
785,6067,3
785,4098,2
785,2781,5
785,1373,5
785,2139,4
785,3729,5
785,2451,3
785,7083,4
785,2477,4
786,672,4
786,4401,3
786,6125,2
786,5586,4
786,5731,3
786,6183,5
786,7040,5
786,3328,5
786,3388,4
786,2540,2
786,7102,3
786,7082,4
786,4070,4
786,3924,4
786,2477,4
786,782,4
786,1669,4
786,738,4
786,1667,3
786,3002,4
786,625,4
787,4280,3
787,2486,4
787,5782,5
787,5549,2
787,6501,5
787,622,5
787,1399,5
787,4538,5
787,3072,5
787,2705,2
787,2957,3
787,6616,4
787,4250,3
787,6877,5
787,7088,5
787,906,3
787,3086,5
787,3774,2
787,2827,4
787,6208,4
787,5085,4
787,1456,5
787,1762,5
787,4407,5
787,1683,5
787,6994,5
787,795,2
787,4813,2
788,1267,5
788,3868,3
788,1582,1
788,2418,2
788,742,3
788,713,1
788,2422,4
788,5928,2
788,3289,5
788,721,5
788,1610,4
788,2043,5
788,686,4
788,2722,4
788,5252,3
788,2919,5
788,2969,3
788,1603,4
788,6954,5
788,442,4
789,2666,4
789,2486,4
789,980,5
789,6415,5
789,4574,5
789,6078,1
789,1505,5
789,4895,5
789,4841,5
789,805,5
789,1158,4
789,3330,4
789,5028,1
789,7026,5
789,4898,5
789,2186,5
789,2795,5
789,1250,4
789,451,3
790,1097,5
790,6554,4
790,6062,4
790,1011,4
790,3313,4
790,4387,5
790,1158,5
790,3419,1
790,6752,3
790,4124,3
790,1031,4
790,1244,5
790,5628,2
790,685,1
790,5184,3
790,6640,3
790,4089,4
790,2915,4
791,2881,4
791,4032,2
791,1060,4
791,6226,2
791,1086,3
791,4515,5
791,5138,5
791,3734,3
791,402,5
791,5762,5
791,1648,5
791,1293,1
791,1194,5
791,249,5
791,381,5
791,5287,4
791,5414,5
791,3795,1
791,6924,4
791,2189,3
791,4578,5
791,2782,3
791,5043,1
791,4041,5
791,6021,5
791,1055,5
791,2081,3
791,6595,5
791,1567,4
791,4558,5
792,341,3
792,5881,5
792,4747,4
792,190,2
792,2106,4
792,683,4
792,5198,4
792,4117,4
792,5969,5
792,4787,4
792,4137,4
792,2707,5
792,3568,5
792,3212,4
792,5634,3
792,2126,3
792,1673,4
792,288,2
792,768,4
792,3186,5
793,6908,4
793,4846,4
793,188,4
793,722,5
793,800,5
793,6548,4
793,5954,3
793,1585,1
793,4554,3
793,3130,5
793,74,5
793,2289,5
793,3948,4
793,6805,5
794,5978,3
794,2014,4
794,4588,4
794,1380,4
794,5883,5
794,4665,5
794,2374,4
794,2523,3
794,601,2
794,4826,4
794,5826,5
794,6172,2
794,999,5
794,2126,4
794,3765,5
794,6626,3
794,4615,4
794,5988,4
794,391,5
794,2962,4
795,6837,2
795,6550,3
795,2717,3
795,3112,3
795,5642,4
795,5413,4
795,1222,3
795,4857,4
795,1366,3
795,3011,5
795,6343,4
795,5435,5
795,5426,4
795,4381,4
795,1520,4
795,1301,4
795,4305,3
795,1349,4
795,5872,4
795,4395,3
795,13,3
795,6227,3
795,6258,4
796,1200,4
796,650,4
796,1892,4
796,2927,3
796,5211,5
796,1643,2
796,664,4
796,3912,5
796,2640,4
796,2823,5
796,5600,5
796,6449,4
796,5809,3
796,2701,2
796,4912,5
796,5148,2
796,1299,4
796,4120,4
796,5734,3
796,5100,3
797,3328,3
797,2913,5
797,6448,4
797,2607,3
797,589,1
797,6287,5
797,2934,3
797,6378,4
797,5253,4
797,3570,3
797,2545,3
797,914,2
797,5008,3
797,3303,4
797,3609,5
797,4336,3
797,4905,4
797,3496,3
797,1946,4
797,5919,4
797,65,4
797,6626,4
797,408,3
797,4634,4
797,1692,1
797,2875,2
797,6032,4
797,4131,4
797,6702,1
798,6501,5
798,1671,4
798,1610,3
798,2457,5
798,4534,4
798,41,4
798,589,5
798,6869,2
798,6998,3
798,2733,3
799,129,5
799,2826,4
799,2007,4
799,4798,5
799,1263,4
799,3219,2
799,335,4
799,5038,3
799,3583,4
799,3969,5
799,7010,4
799,2189,5
799,6125,5
799,6755,3
799,3300,4
799,5185,5
799,5738,3
799,1128,2
799,4061,5
799,1114,4
799,393,3
799,5153,5
799,2725,5
800,4563,3
800,2014,5
800,7052,4
800,160,4
800,5517,4
800,4072,3
800,3719,4
800,2786,4
800,2621,4
800,4497,5
800,1136,5
800,731,5
800,1300,2
800,3164,5
800,1494,4
800,3414,4
801,4973,3
801,4135,5
801,529,4
801,3736,3
801,3958,3
801,3069,2
801,3033,5
801,561,4
801,1254,3
801,4690,5
801,5550,5
801,5636,4
801,2271,4
802,3898,4
802,2229,4
802,3604,4
802,3644,3
802,3558,4
802,2871,4
802,3106,5
802,6390,5
802,2615,5
802,4770,3
802,300,4
802,3943,5
802,153,4
802,2962,5
802,2671,4
802,2482,3
802,5941,2
802,5019,3
802,2157,4
802,5313,4
802,6502,5
802,5802,4
802,1722,2
802,5231,5
802,6843,4
802,2506,4
802,1823,5
802,6273,5
803,2153,4
803,1969,3
803,5433,4
803,587,4
803,6706,4
803,5400,3
803,2149,3
803,5687,2
803,4395,4
803,3962,4
803,1093,4
803,1416,5
803,2886,4
803,2992,4
803,3836,5
803,4099,3
803,2758,5
803,3287,3
803,2085,4
803,850,5
803,1828,2
803,2806,4
803,2214,1
803,5309,5
803,5990,5
803,5192,5
803,3996,3
803,2531,4
803,780,5
804,1373,3
804,1952,5
804,1748,4
804,6075,4
804,6029,5
804,5367,5
804,6447,3
804,5227,3
804,2473,4
804,3637,5
804,15,4
804,2462,5
804,149,4
804,3809,3
804,833,5
804,2061,4
804,3280,5
804,6609,1
804,4857,4
804,3642,3
804,5190,5
804,5868,2
804,786,2
805,5044,4
805,5552,4
805,255,5
805,5398,3
805,6933,4
805,322,4
805,6209,5
805,859,2
805,3590,5
805,6141,4
805,288,5
805,3139,4
805,3768,5
805,4692,5
805,6476,4
805,5293,4
805,2209,3
805,4707,5
805,273,5
805,4004,4
805,4448,3
806,5760,2
806,4318,3
806,4868,1
806,3338,3
806,372,1
806,4006,4
806,473,5
806,3722,3
806,1049,4
806,1088,5
806,4374,3
806,4410,4
806,1756,4
806,2212,3
806,6382,4
806,699,5
806,1750,4
806,1888,4
806,6560,5
806,2829,2
806,6719,4
807,183,4
807,1605,5
807,5763,3
807,6288,5
807,6997,4
807,5468,3
807,90,5
807,5441,5
807,422,5
807,3737,5
807,5517,5
807,5905,2
807,1870,4
807,6591,5
807,2983,4
807,6342,5
807,5151,2
807,3579,5
807,6909,4
807,2988,5
807,4593,5
807,6666,3
807,1256,3
807,3193,4
807,6753,3
807,206,3
808,676,4
808,886,3
808,4797,5
808,4007,5
808,6469,3
808,5258,4
808,4477,3
808,4649,3
808,6602,2
808,1202,4
808,6905,5
808,2729,4
808,6635,4
808,5068,5
808,7087,4
808,2507,2
808,3230,4
808,6211,4
808,6215,4
808,2608,1
808,3698,3
808,2163,2
809,6762,1
809,5308,2
809,5271,4
809,4422,3
809,821,3
809,5652,3
809,4858,2
809,1772,2
809,3641,3
809,6860,3
809,5916,3
809,3513,4
809,4202,3
809,2465,4
809,6392,5
809,816,4
809,4399,3
809,6378,5
809,2289,1
809,7061,4
809,4068,5
809,657,4
809,2131,4
809,3129,2
809,5494,4
809,1102,5
809,1358,4
810,3057,5
810,21,3
810,3958,3
810,3449,5
810,5359,3
810,3954,5
810,5644,4
810,6867,5
810,538,3
810,5214,4
810,3408,3
810,1519,4
810,768,2
810,4087,1
810,1206,5
810,342,4
810,2309,3
810,4469,4
810,4288,4
810,6926,5
810,4228,5
810,3233,4
810,4595,5
810,404,5
810,5380,5
810,2455,4
810,843,3
810,4104,2
810,3194,5
811,5776,2
811,4883,4
811,3691,4
811,5592,4
811,434,4
811,1010,1
811,4524,3
811,566,2
811,6040,3
811,7072,3
811,3061,4
811,4576,4
811,4701,4
812,6397,4
812,2792,4
812,1407,4
812,3289,3
812,6519,1
812,28,5
812,1151,5
812,1427,3
812,926,5
812,3468,4
812,4680,3
812,6020,4
812,6199,3
812,205,4
813,5232,5
813,677,5
813,34,3
813,3344,4
813,2966,3
813,3675,4
813,1960,4
813,6581,5
813,2672,4
813,6973,4
813,691,4
813,3932,5
813,2551,3
813,2769,5
813,2078,4
813,3091,2
813,4701,5
813,1783,2
813,6320,4
813,5654,1
813,5783,1
813,2827,4
813,1000,4
813,212,2
813,1334,4
813,6016,2
813,667,3
813,2492,5
813,385,4
814,763,4
814,3212,5
814,2075,4
814,4430,4
814,6628,4
814,1899,5
814,6232,1
814,5198,3
814,5170,3
814,4548,5
814,4838,4
814,2627,5
814,1710,4
814,1958,5
814,3671,4
814,3155,4
814,4576,3
814,2120,2
814,944,5
814,6193,5
815,1864,4
815,1849,5
815,1450,5
815,2164,5
815,4752,3
815,6481,5
815,3442,2
815,6131,1
815,6788,4
815,5919,5
815,5941,5
816,2486,5
816,5741,3
816,3594,4
816,5942,5
816,6569,2
816,1779,2
816,6911,5
816,959,4
816,4435,4
816,759,5
816,2821,4
816,3170,4
816,160,4
816,7016,3
816,2792,2
816,6923,4
816,2371,4
816,1328,3
816,3962,4
816,421,3
816,3727,4
816,4868,3
816,6385,5
816,6952,1
816,4781,3
816,2948,1
816,6698,4
816,4749,5
817,4328,2
817,7030,4
817,2857,4
817,6075,1
817,3414,5
817,93,4
817,6904,4
817,3554,4
817,3104,4
817,5927,4
817,4834,5
817,5971,3
817,4894,4
817,1490,5
817,7090,2
817,5324,3
817,5880,4
817,7068,3
817,3340,5
817,554,5
817,1789,4
817,4254,4
818,451,4
818,3586,1
818,6220,4
818,1952,5
818,2929,5
818,1009,3
818,1065,3
818,4537,3
818,4891,5
818,3436,3
818,1412,5
818,1535,3
819,1882,5
819,2066,3
819,2293,2
819,3105,3
819,184,2
819,6451,3
819,3286,4
819,6671,5
819,5802,1
819,225,4
819,6836,5
819,6948,3
819,3095,5
819,4636,4
819,2118,3
819,5797,4
819,1856,5
819,5570,3
819,18,2
819,3267,4
819,5013,5
819,2816,5
819,5360,5
819,1069,3
819,1562,4
819,2793,5
819,3585,5
819,4404,4
820,2654,1
820,2028,4
820,3637,5
820,3360,4
820,6227,4
820,2479,5
820,1081,4
820,2991,1
820,2728,3
820,6559,3
821,1065,5
821,1382,4
821,1002,3
821,2040,5
821,615,2
821,3936,5
821,280,5
821,762,4
821,5090,5
821,5874,3
821,2670,5
821,4589,4
821,3287,4
821,3397,4
821,1710,3
821,4848,4
821,6354,3
821,4724,5
821,5421,4
821,1079,4
821,4423,4
821,6644,1
821,3866,2
821,4635,1
821,4296,4
821,6363,3
821,3965,4
821,1306,3
822,1205,5
822,5579,4
822,1304,4
822,5985,3
822,5761,4
822,5374,4
822,6161,4
822,29,4
822,673,4
822,5924,2
823,3324,3
823,3400,5
823,1078,3
823,3821,5
823,2617,2
823,5326,4
823,6059,5
823,146,3
823,6389,4
823,800,5
823,2912,3
823,1401,1
823,3323,5
823,5578,4
823,5575,4
823,4678,5
823,3664,4
823,2071,3
824,5793,4
824,5277,1
824,85,4
824,3491,5
824,401,4
824,6517,4
824,720,5
824,7081,5
824,2126,4
824,2749,1
824,3648,2
824,4869,2
824,1257,2
824,1876,2
824,1102,4
824,3287,4
824,3976,5
824,618,2
824,2194,3
824,6074,2
824,5436,4
824,4354,5
824,2803,5
824,4097,4
824,5764,5
824,816,5
824,5086,4
825,1323,5
825,4861,4
825,844,4
825,2815,2
825,4387,5
825,5174,3
825,3047,3
825,2643,4
825,6640,4
825,1023,3
825,633,4
825,3517,4
825,6900,3
825,1728,2
825,6570,5
825,4950,3
825,5291,2
825,3634,3
825,682,4
825,2313,5
825,4927,5
825,1350,4
825,158,4
825,6451,5
825,3822,4
825,2738,5
826,3932,3
826,1407,4
826,6156,5
826,2112,3
826,2433,5
826,1566,5
826,5204,4
826,2504,5
826,1618,4
826,5158,4
826,2806,5
826,7044,3
826,2492,5
826,5100,4
826,3788,4
826,4250,2
826,4058,4
826,1349,5
826,4944,5
826,7102,4
826,3083,5
826,2964,4
826,3903,1
826,903,2
827,3956,4
827,1868,4
827,3914,2
827,3401,5
827,1044,5
827,2359,3
827,1374,5
827,3321,5
827,3128,5
827,5689,4
827,6383,2
827,5684,3
827,6826,5
827,1133,2
827,1031,4
827,2998,5
827,2143,4
827,4865,5
827,1259,3
827,270,5
827,1808,3
828,6454,5
828,104,4
828,94,3
828,5194,4
828,538,4
828,4273,4
828,2178,5
828,1031,5
828,5000,2
828,6530,4
828,1824,5
828,1781,1
828,2703,3
828,5003,4
828,4321,5
828,6037,5
828,2235,4
828,3673,5
828,6562,4
828,2508,1
828,1340,5
828,1293,2
828,4712,4
828,4413,4
828,5221,5
828,1985,4
828,6832,4
828,6503,5
829,553,3
829,7083,4
829,6887,4
829,5283,2
829,2553,5
829,2466,2
829,1193,4
829,3699,5
829,4122,5
829,4004,3
829,2043,4
829,6897,4
829,6041,3
829,5780,3
829,2661,4
829,2605,4
829,2128,3
829,5395,5
829,430,5
829,5852,4
829,2327,5
829,1442,5
829,5253,4
830,4205,3
830,3840,5
830,4570,3
830,5684,3
830,1822,4
830,2739,5
830,3741,3
830,1623,3
830,2032,3
830,6776,3
830,6538,5
830,6766,3
830,4185,5
830,807,5
830,1813,1
831,4413,3
831,3066,5
831,1563,2
831,5853,4
831,6708,5
831,3757,4
831,1288,4
831,450,3
831,1980,3
831,1885,4
831,2841,4
831,367,3
831,2655,3
831,594,3
831,3274,2
831,394,4
831,1028,4
831,2036,4
831,6729,2
831,1081,3
831,2675,4
831,785,5
831,232,5
831,3993,5
831,5805,2
831,735,2
831,2995,3
831,2920,5
832,174,3
832,2861,4
832,5861,2
832,6086,5
832,1828,4
832,5973,3
832,5640,5
832,2540,4
832,5007,2
832,2080,3
832,6243,3
832,560,5
832,5050,4
832,5840,5
832,3853,2
832,901,5
832,2729,4
832,5668,5
832,4073,4
832,7031,5
832,6196,5
833,2588,4
833,1076,5
833,75,4
833,6382,4
833,6,4
833,3753,5
833,3570,3
833,599,4
833,2561,4
833,340,4
833,2368,5
833,1260,4
833,448,5
833,2575,4
833,4973,2
833,4606,2
833,5402,3
834,6002,4
834,786,3
834,6959,4
834,410,4
834,1773,4
834,4914,5
834,1218,5
834,3977,2
834,6808,5
834,4206,4
834,4296,4
834,4102,4
834,4565,5
834,804,4
834,4406,4
834,4865,4
834,1696,5
834,313,5
834,2302,4
834,6547,3
834,3200,4
834,5377,4
834,938,1
835,5853,3
835,3999,3
835,1282,3
835,6751,4
835,14,1
835,5931,4
835,5229,5
835,4538,5
835,919,1
835,5515,4
835,5478,1
835,7084,4
835,2378,4
835,3665,5
836,4784,2
836,5151,4
836,4666,5
836,3041,5
836,845,2
836,5255,3
836,2091,4
836,2839,4
836,2326,4
836,4977,4
836,4494,4
836,1674,5
836,3372,3
836,3780,5
836,650,4
836,2131,5
836,3174,4
836,3938,3
836,2158,5
836,4622,1
836,289,1
836,3561,3
836,3104,5
836,4315,3
836,4219,3
836,5924,5
836,3423,3
836,3681,4
836,3052,4
837,150,3
837,5546,4
837,1638,3
837,814,5
837,3100,2
837,4056,4
837,5632,2
837,4564,4
837,3940,5
837,886,3
837,4848,1
837,6412,2
837,1317,3
837,6878,4
837,3405,1
837,882,5
837,3040,5
838,4801,3
838,4510,4
838,6905,1
838,1710,4
838,4653,3
838,6935,3
838,4063,4
838,3288,4
838,5169,3
838,3753,1
838,1940,4
838,4263,5
838,4177,2
838,3918,5
838,1106,4
838,2538,4
838,3092,3
838,797,3
838,3209,5
838,1757,3
838,108,4
838,1656,4
838,6539,4
838,6500,4
838,6323,5
838,2310,3
838,2037,3
838,4310,4
839,5176,3
839,3311,2
839,456,4
839,34,4
839,1359,1
839,1043,3
839,2046,5
839,306,5
839,1062,3
839,1838,5
839,2350,5
839,319,1
839,3049,2
839,3131,4
839,6091,1
839,3834,4
839,3699,2
839,6988,3
839,6946,4
839,836,4
840,2407,3
840,6318,3
840,2256,2
840,3980,5
840,5200,3
840,5031,4
840,275,3
840,4781,4
840,4561,4
840,3126,5
840,6550,3
840,1586,4
840,3410,4
840,679,3
840,2673,1
840,1151,5
840,3880,5
840,3202,5
840,5009,5
840,2645,1
840,6792,3
840,4519,4
840,6638,4
840,6652,5
840,7008,5
840,7026,5
840,2308,4
841,5484,5
841,4700,5
841,3348,5
841,52,4
841,3139,5
841,698,5
841,200,4
841,2160,4
841,3720,4
841,6410,5
841,6454,5
841,757,4
841,4107,4
841,4651,5
841,6826,3
841,6097,5
841,1016,3
842,2301,2
842,763,1
842,1622,5
842,6190,5
842,571,4
842,4224,3
842,849,3
842,908,2
842,7027,5
842,7003,4
842,4606,3
842,5189,4
843,2958,4
843,3392,5
843,11,3
843,4690,4
843,6101,5
843,2251,3
843,6491,3
843,391,5
843,6608,4
843,3165,5
843,3712,4
843,819,3
843,2424,3
843,5411,5
843,6697,5
843,4123,3
843,3758,4
843,4313,4
843,1742,5
843,566,4
843,178,1
843,1621,5
843,856,3
843,2151,2
843,6629,3
843,6612,5
844,2366,2
844,728,5
844,1522,2
844,6683,5
844,5161,4
844,3313,4
844,2461,3
844,580,5
844,35,3
844,6827,3
844,3156,1
844,138,5
844,1836,1
844,1374,3
844,3494,3
844,6218,4
844,6627,4
844,3693,3
844,2872,4
844,1914,5
844,535,4
844,5757,5
844,5291,4
844,4559,4
844,372,4
844,2848,4
844,4005,5
844,3248,3
844,1977,5
845,438,5
845,3735,4
845,6536,3
845,3838,5
845,32,4
845,6172,5
845,588,5
845,3641,5
845,3983,4
845,6268,2
846,3623,3
846,873,2
846,4700,3
846,5762,2
846,6216,5
846,3466,4
846,6816,5
846,426,4
846,299,3
846,2277,3
846,5046,4
846,193,4
847,5983,3
847,3335,4
847,5745,5
847,2805,3
847,3064,4
847,1325,2
847,1874,5
847,4649,4
847,892,5
847,3932,3
847,6358,5
847,5568,3
847,217,4
847,6705,3
847,1729,4
847,5954,5
847,1918,3
847,2950,4
847,1997,5
847,10,5
847,6202,3
847,453,5
847,2548,4
847,5056,3
847,5691,4
847,6528,5
847,4797,5
847,4780,3
848,1256,4
848,7092,2
848,3925,5
848,5397,5
848,6652,4
848,3178,2
848,4533,5
848,3712,2
848,5437,2
848,757,1
848,2136,4
848,5745,4
848,640,4
848,1977,5
848,2240,4
848,4722,3
848,1644,3
848,6480,3
848,1018,4
848,6267,4
848,3945,4
848,4988,2
848,3199,3
848,3607,5
848,273,4
848,3526,4
848,48,1
848,2992,5
848,2980,4
849,2052,4
849,5418,5
849,1083,2
849,3894,1
849,5698,5
849,6880,4
849,811,2
849,5933,1
849,4431,2
849,3236,5
849,3256,5
849,6122,4
849,4777,5
849,1236,2
849,2966,3
849,2639,2
849,1033,2
850,3765,3
850,1577,5
850,4602,5
850,2112,4
850,6453,5
850,2067,4
850,6318,5
850,6119,5
850,5107,4
850,5134,4
850,4212,2
850,670,4
850,1141,3
850,718,2
850,7007,4
850,1892,4
850,9,4
850,384,5
850,5509,5
850,6060,5
850,4555,3
850,4194,5
850,1146,5
850,5366,5
850,6256,5
850,1582,5
850,4348,2
850,6993,2
851,6325,5
851,4344,5
851,4480,2
851,1115,4
851,1144,4
851,171,4
851,3364,5
851,1747,5
851,6149,3
851,668,4
851,4311,5
851,5957,4
852,4977,2
852,1955,4
852,3469,3
852,4151,3
852,1550,3
852,2595,5
852,5125,4
852,4992,5
852,4841,4
852,541,4
852,3390,4
852,6943,2
852,3788,4
852,3559,4
852,2243,4
852,122,3
852,6853,5
852,1997,4
852,1207,5
852,1845,3
852,6402,3
852,4730,3
852,5459,4
853,2114,5
853,2468,5
853,5601,2
853,4261,5
853,2280,3
853,6226,1
853,2034,3
853,6565,4
853,6119,4
853,5159,3
853,3516,4
853,6281,2
853,5762,3
853,5977,5
853,4441,4
853,3563,4
853,4155,4
853,925,5
854,5722,2
854,1367,3
854,6389,5
854,3944,4
854,4347,5
854,3923,3
854,4995,3
854,427,4
854,1406,2
854,2919,5
854,4727,3
854,802,3
854,5636,4
854,1244,4
854,129,5
854,5842,4
854,5977,3
854,2182,4
854,3196,5
854,1928,4
854,3833,4
854,1378,4
855,6985,5
855,4742,4
855,2587,5
855,6255,4
855,2836,4
855,552,5
855,4622,2
855,5271,3
855,6685,5
855,1196,3
855,2087,5
855,5896,3
855,3698,1
855,2207,1
855,5588,1
855,699,4
855,602,3
855,527,5
855,3927,4
855,5532,2
855,1774,5
855,3207,4
855,3735,5
855,97,4
855,1789,4
856,6869,5
856,7081,5
856,1403,5
856,6548,3
856,906,3
856,322,3
856,3864,4
856,5594,1
856,5866,4
856,4273,5
856,4298,4
856,1660,2
856,681,4
856,1407,5
856,5215,2
856,3615,4
856,1880,3
857,5719,5
857,3521,5
857,6242,2
857,1714,5
857,5154,3
857,3240,1
857,2672,3
857,542,1
857,1286,4
857,5117,2
857,5991,3
857,5985,3
857,2680,4
857,2895,3
857,2719,5
857,748,3
857,5606,3
857,5811,2
857,159,5
857,150,3
857,2977,5
857,661,3
857,265,3
857,4204,2
857,940,4
857,5066,4
857,2486,5
857,5641,4
857,4405,5
858,3404,4
858,5811,4
858,3247,1
858,1811,3
858,1015,1
858,3457,4
858,6883,5
858,6427,2
858,3492,1
858,5015,2
858,3158,4
858,6849,4
858,4572,1
859,2354,2
859,2376,1
859,6461,5
859,6016,4
859,2713,5
859,4524,4
859,225,4
859,817,5
859,2696,2
859,5970,5
859,5373,3
859,778,3
859,4012,3
859,3335,3
859,2452,3
859,1169,3
859,4752,3
859,3382,4
859,6800,5
859,5679,5
859,1392,3
859,4224,5
859,29,3
859,4803,4
859,1061,4
859,2422,3
859,785,3
860,6063,2
860,469,5
860,5729,5
860,6970,5
860,5841,3
860,2507,4
860,4070,5
860,3314,4
860,1428,5
860,2784,4
860,6112,3
860,5540,1
860,1625,2
860,4880,4
860,2982,4
860,382,1
860,6320,3
860,872,3
861,6572,4
861,4371,5
861,6533,4
861,4157,5
861,57,5
861,5789,5
861,6219,4
861,4857,4
861,3857,5
861,964,1
861,6854,5
861,4452,4
861,3537,4
861,552,3
861,6547,4
861,6959,4
861,6909,5
861,2535,2
861,6773,3
861,1075,4
861,1458,4
862,1830,5
862,150,5
862,5805,4
862,2502,5
862,6214,3
862,2714,5
862,3831,3
862,3372,5
862,1169,4
862,3622,4
862,2048,1
862,2663,4
862,6283,3
862,5593,4
862,852,5
862,718,2
862,3187,4
862,4,4
862,4501,4
862,4669,4
862,6953,3
862,2921,4
862,4346,5
862,4673,3
862,3807,5
862,319,5
862,6537,5
863,4950,4
863,6185,5
863,5235,4
863,3925,5
863,4729,5
863,7047,4
863,6927,4
863,4869,4
863,1037,4
863,3821,4
863,861,5
863,5188,5
863,2689,5
863,5701,4
863,3227,4
863,398,2
863,6415,5
863,7014,4
863,6954,4
863,1804,4
863,1730,4
863,4266,3
863,5544,4
863,3979,4
863,6128,5
863,4431,5
863,4252,5
863,5542,5
864,3789,4
864,5603,5
864,5263,3
864,5402,3
864,2069,5
864,6553,5
864,2537,5
864,2270,2
864,903,4
864,6963,5
864,354,5
864,3701,3
864,3301,4
864,4763,5
864,6785,3
864,1395,4
864,6093,3
864,3490,4
864,1109,5
864,3158,4
865,3785,4
865,6654,5
865,4964,5
865,5767,4
865,6412,4
865,4688,5
865,3515,4
865,2980,4
865,4147,4
865,7004,5
865,2574,3
866,5547,4
866,319,3
866,4004,4
866,6889,4
866,5680,1
866,1724,4
866,465,3
866,3627,4
866,5342,2
866,5488,3
866,801,5
866,6605,3
866,5625,1
866,6882,5
866,3817,4
866,3814,4
866,3177,3
866,769,5
866,5620,3
867,5964,3
867,1534,4
867,1836,3
867,712,4
867,6266,3
867,1132,2
867,6728,4
867,5598,3
867,6563,4
867,3216,2
867,2580,2
868,2012,4
868,2194,4
868,3949,4
868,3991,5
868,613,1
868,2392,5
868,3472,1
868,6489,4
868,5016,4
868,2701,2
868,273,4
868,4793,3
868,1990,5
868,5819,5
869,2245,5
869,6548,2
869,3851,3
869,6547,5
869,3208,5
869,910,4
869,6274,3
869,1311,5
869,882,1
869,4513,4
869,4617,3
869,2042,4
869,5428,4
869,4891,4
869,763,5
869,5200,4
869,1208,3
869,3912,5
869,5545,4
869,5999,2
869,6191,5
869,6436,3
869,116,3
869,6903,1
869,3428,4
869,2661,5
869,243,4
869,3584,4
870,1901,1
870,5293,3
870,1121,5
870,3998,3
870,3358,4
870,7027,5
870,1570,5
870,4723,5
870,5924,5
870,4920,4
870,505,5
870,2153,1
870,5557,5
870,6745,3
870,3367,2
870,289,4
871,5542,3
871,191,5
871,3280,3
871,853,4
871,3751,4
871,6334,4
871,4960,5
871,304,5
871,3536,4
871,5270,5
871,3786,4
871,194,3
871,5908,3
871,549,4
871,2791,3
871,5555,5
871,883,5
871,1414,2
871,316,4
871,457,4
872,6415,3
872,5314,4
872,4992,5
872,1201,3
872,921,5
872,20,3
872,6964,4
872,2762,3
872,1837,5
872,203,4
872,3935,4
872,696,3
872,1307,4
872,1419,2
872,3423,4
872,345,3
872,7093,4
872,455,4
872,4581,4
872,1031,5
872,1190,5
872,4185,5
873,3452,5
873,4726,4
873,4533,1
873,434,4
873,2384,5
873,2119,5
873,3407,4
873,5764,5
873,3433,5
873,2995,4
873,4122,4
873,4748,3
873,2654,5
873,1125,3
873,6067,4
874,3711,4
874,4506,4
874,3815,4
874,5692,4
874,2052,5
874,3844,5
874,4053,2
874,4484,5
874,4393,4
874,2137,4
874,115,5
874,3616,3
874,29,3
874,6639,4
874,5708,2
874,5726,4
875,6526,5
875,1201,4
875,3285,4
875,5628,5
875,5894,2
875,583,5
875,5795,4
875,5274,4
875,6192,5
875,3093,5
875,2106,4
875,979,4
875,3584,2
875,219,4
875,10,4
875,2798,5
875,1604,5
875,7091,5
875,4036,5
875,610,2
875,5287,4
875,4226,3
875,3475,4
875,272,4
875,2741,2
875,3171,4
876,694,4
876,4725,1
876,4947,5
876,701,4
876,5052,4
876,4557,5
876,5578,4
876,2143,4
876,4556,5
876,161,4
877,3928,3
877,3828,4
877,5315,4
877,847,4
877,5935,4
877,449,4
877,3860,4
877,6774,4
877,2336,3
877,476,2
877,2334,2
878,750,4
878,286,4
878,6788,5
878,4674,1
878,4,1
878,419,3
878,5540,3
878,3841,4
878,417,4
878,6678,5
878,869,3
878,4066,4
879,268,4
879,670,4
879,97,5
879,5526,3
879,1410,3
879,5079,4
879,3855,3
879,2985,5
879,5114,5
879,6476,5
879,4940,3
879,3877,5
879,2203,3
879,5311,4
879,3774,4
880,6255,5
880,6078,5
880,2112,5
880,5480,5
880,5312,5
880,1357,4
880,460,4
880,2304,5
880,683,4
880,3313,4
880,2328,2
880,925,4
880,2860,4
880,6377,5
880,5888,5
880,1730,3
880,3611,4
880,2389,2
880,322,5
880,6499,3
880,6446,4
880,5570,5
880,6969,4
880,3001,4
880,761,4
880,1537,4
880,1952,3
880,3756,4
880,6397,1
881,1732,4
881,6713,3
881,6528,3
881,2764,4
881,4123,4
881,3283,4
881,1400,3
881,2320,4
881,6016,3
881,369,2
881,5520,4
882,895,2
882,796,4
882,954,4
882,741,2
882,5664,4
882,464,2
882,5743,4
882,4244,5
882,3046,3
882,6559,3
882,5676,5
882,7058,4
882,580,5
882,4376,1
882,2050,3
882,3361,4
882,5549,4
882,3475,3
882,4191,4
882,4994,5
882,4537,4
882,5474,2
882,5954,3
882,2633,3
882,4886,4
882,1821,3
882,6705,4
882,1359,5
883,6485,4
883,4489,5
883,7081,5
883,835,4
883,5883,4
883,4995,3
883,1154,4
883,526,5
883,6994,3
883,6215,3
883,6589,2
883,2309,3
883,3854,3
883,5595,1
883,2092,3
883,4987,5
883,5970,4
883,4422,5
883,2294,4
883,3660,5
883,2498,5
883,3166,4
883,40,4
883,2414,4
883,1429,4
884,4298,5
884,3776,4
884,3855,4
884,2708,3
884,2401,5
884,2283,5
884,2698,4
884,4200,3
884,2113,5
884,3702,4
884,6213,1
884,2415,3
884,567,3
884,1930,5
884,2274,3
884,34,3
884,946,4
884,5000,4
884,1115,5
884,5914,3
884,4761,2
884,5668,5
884,1745,5
884,3407,4
884,26,5
884,5662,2
884,2689,2
885,508,2
885,6646,2
885,3812,4
885,231,3
885,5384,3
885,3431,3
885,2746,4
885,5024,4
885,2067,5
885,4247,5
885,247,5
885,7097,5
885,2589,2
885,1901,4
885,836,4
885,3102,3
885,287,4
886,3427,5
886,1540,1
886,7058,4
886,513,2
886,6551,4
886,6606,3
886,861,4
886,1065,4
886,5124,4
886,626,4
886,1717,4
886,4453,3
886,5722,5
886,117,2
886,4026,5
886,4460,3
886,6942,5
886,1523,4
886,4567,3
886,3999,2
886,4420,5
887,5774,5
887,4426,3
887,3123,1
887,3545,2
887,4784,3
887,339,4
887,2589,5
887,6833,4
887,5025,5
887,2232,4
887,3195,5
887,4827,5
887,5855,3
887,4962,5
887,4308,5
887,6235,3
887,2540,4
887,1438,4
887,4397,4
887,4108,3
887,1280,5
887,5674,5
887,6887,5
887,4363,4
887,2347,2
887,3678,5
888,1524,5
888,3860,5
888,1179,1
888,4335,3
888,3790,4
888,6052,5
888,3102,3
888,238,4
888,5917,5
888,1992,5
888,1225,5
888,51,4
888,4143,4
888,3957,3
888,3676,5
888,4596,3
888,1855,5
888,6808,2
888,2200,5
888,3585,5
889,5278,3
889,5847,3
889,6284,5
889,299,4
889,458,5
889,2086,3
889,2708,3
889,1744,3
889,2782,5
889,4347,5
889,2920,3
889,5781,3
889,4784,5
889,3848,4
889,1788,5
889,498,5
889,1030,3
889,6356,4
889,3787,4
889,1807,5
889,6106,4
889,5210,1
889,5482,2
889,6757,4
889,1036,5
890,6994,5
890,566,4
890,2946,5
890,6461,3
890,4782,5
890,3451,4
890,5223,2
890,6425,4
890,7079,3
890,2338,4
890,3274,4
890,5283,4
890,3770,4
890,1907,1
890,4322,4
890,3202,4
890,6892,3
890,6445,4
890,2812,3
890,3113,3
890,4986,5
890,83,4
890,2433,3
890,2281,3
890,4218,3
890,5498,4
890,2167,1
891,4871,3
891,2646,4
891,1690,4
891,484,3
891,697,5
891,1054,5
891,5885,2
891,386,4
891,1846,1
891,7040,2
891,2006,5
891,4717,3
891,4191,3
891,237,5
891,5683,3
891,961,4
891,1976,2
891,5909,4
891,4133,4
891,4086,4
891,746,4
891,7103,5
891,6219,5
891,3079,4
891,1177,4
891,4458,4
891,1833,4
892,5470,4
892,2423,5
892,2895,5
892,4052,5
892,2790,4
892,4655,4
892,2811,5
892,5010,4
892,4669,2
892,3038,5
892,3013,5
892,208,2
892,2806,5
892,2655,5
892,5312,5
892,1966,5
892,5638,4
892,5154,4
892,3168,5
892,1097,2
892,4613,4
892,5816,2
892,5173,2
892,679,4
892,3629,3
892,939,3
892,2460,5
892,4210,4
893,2618,4
893,1220,5
893,491,2
893,6584,5
893,1675,3
893,330,5
893,6467,4
893,6609,3
893,5446,5
893,1110,2
893,3879,3
893,5166,5
893,3159,5
893,6267,3
893,5103,5
893,2146,3
893,3794,3
893,1658,5
893,210,3
894,6844,4
894,6506,5
894,6438,2
894,180,5
894,4717,4
894,2052,5
894,739,3
894,1442,4
894,6530,2
894,5869,5
894,725,2
894,6739,5
894,4519,2
894,317,5
894,2963,5
894,5885,5
894,6803,3
894,5407,5
894,1349,5
894,2896,4
894,3917,3
894,4683,4
894,2596,4
894,4775,4
894,4654,3
894,500,4
894,5795,4
894,220,2
894,2312,4
894,6695,3
895,950,5
895,6291,1
895,954,3
895,1234,5
895,212,4
895,6334,3
895,1355,4
895,5072,4
895,707,4
895,5700,4
895,5797,5
895,1669,4
895,4116,4
895,684,3
896,1292,4
896,1542,2
896,958,5
896,6754,3
896,4688,4
896,882,5
896,5538,4
896,4716,2
896,4834,3
896,295,5
896,4203,5
896,1262,5
896,574,5
896,5494,2
896,1777,5
896,1574,3
896,2629,4
896,3215,4
896,4600,4
896,5956,5
896,6689,5
897,2380,5
897,292,4
897,2630,4
897,6661,2
897,7100,5
897,247,4
897,917,5
897,1959,3
897,5916,5
897,1687,4
897,6403,3
897,1301,2
897,187,4
897,6254,5
897,2039,2
897,2231,1
897,6545,3
897,2158,4
897,4853,4
897,3013,5
897,3521,2
897,227,5
897,4039,4
897,627,5
897,2097,2
898,6937,5
898,253,4
898,1539,4
898,6223,3
898,7019,5
898,4696,5
898,5013,3
898,3105,4
898,7042,2
898,6320,4
898,1685,5
898,495,3
898,3477,5
898,3268,5
898,3781,4
898,186,5
898,111,2
898,2829,4
898,4864,4
898,4976,3
898,2301,3
898,3298,3
898,4892,5
898,7066,5
899,2765,4
899,4378,3
899,6375,4
899,4021,5
899,2401,5
899,2337,5
899,5700,2
899,4437,4
899,5681,5
899,4310,5
899,4522,4
899,1578,5
899,5104,2
899,5333,4
899,1401,2
899,1993,4
899,3834,4
899,2744,1
899,4913,3
899,5998,3
899,42,5
899,6887,5
900,3509,1
900,4060,3
900,4445,3
900,4594,3
900,1689,4
900,4487,3
900,5819,4
900,4006,5
900,1601,4
900,3247,5
900,4608,5
900,6891,3
900,5201,4
900,1577,4
900,1190,2
900,1970,1
900,4357,3
901,2727,4
901,2827,4
901,1381,5
901,4711,5
901,3623,5
901,3938,5
901,3273,2
901,305,4
901,998,2
901,2131,3
901,2935,5
901,4205,5
901,2473,5
901,39,2
901,4201,4
901,847,3
901,908,5
901,6138,1
901,6359,3
901,2206,3
901,2073,4
901,6547,4
901,651,4
901,3029,3
902,4102,4
902,2021,3
902,3111,3
902,4149,4
902,6169,4
902,2092,5
902,6957,1
902,6380,3
902,6927,1
902,1896,2
902,4094,4
902,3703,4
902,733,5
902,2186,3
902,6610,5
902,223,5
902,1625,5
902,2376,4
902,6547,4
902,5543,5
902,2233,4
902,5176,4
903,7022,4
903,5953,2
903,6274,4
903,3645,5
903,6092,1
903,6577,2
903,1701,3
903,3199,5
903,6535,5
903,4344,5
903,1898,5
903,4383,5
903,3011,3
903,5391,5
903,6439,4
903,453,4
903,4758,3
903,2661,5
903,6862,4
903,5563,4
903,5168,1
903,3694,4
903,175,5
903,6471,5
903,4796,3
903,1586,4
903,2118,3
903,240,5
903,6397,3
903,5866,3
904,2089,4
904,2335,4
904,5022,3
904,6134,1
904,3171,1
904,3504,4
904,4719,5
904,2697,5
904,2405,5
904,1132,5
904,6842,2
904,692,5
904,6077,3
904,6156,3
904,5707,4
904,3899,5
904,6902,4
904,5696,3
904,5719,3
904,2897,3
904,6920,2
905,5829,4
905,1743,5
905,4512,2
905,1867,5
905,6744,3
905,1329,4
905,3461,4
905,2281,5
905,5998,5
905,4213,3
905,4964,5
905,3984,5
905,5885,5
905,746,5
905,5626,3
905,5599,3
905,6981,4
905,378,5
905,434,3
905,741,5
905,3645,4
905,104,5
905,3810,3
906,6339,5
906,1226,2
906,6448,3
906,6664,5
906,4438,4
906,1654,3
906,5242,3
906,1747,4
906,3959,5
906,1384,2
906,5525,2
906,4381,4
906,6632,2
906,3865,5
906,5840,5
906,2942,5
906,7040,5
906,3320,5
906,5393,5
906,4029,4
906,4700,4
907,2274,4
907,597,3
907,5910,5
907,16,3
907,3994,5
907,5961,3
907,4725,5
907,989,5
907,950,4
907,3412,4
907,976,4
907,623,3
907,2463,5
907,3287,3
907,2111,5
907,2085,4
907,3127,5
907,5837,4
907,5321,5
907,669,5
907,844,4
907,4772,2
907,7014,4
907,4135,5
907,1975,4
907,494,3
907,6211,3
907,4723,5
907,3747,3
908,5956,5
908,6315,4
908,4545,4
908,6785,2
908,252,3
908,4510,5
908,1338,4
908,6184,2
908,1359,2
908,3327,5
908,3957,5
908,4683,3
908,4796,5
908,494,4
908,5034,5
908,3351,5
908,5454,5
908,3324,1
908,3374,1
908,5963,3
908,159,4
908,1215,2
908,4433,4
908,3525,5
908,2953,4
908,5889,5
908,6910,5
908,1665,5
908,4499,5
908,1761,3
909,4085,4
909,6558,4
909,6886,4
909,6508,4
909,6164,4
909,5786,3
909,287,4
909,4674,4
909,4217,4
909,1921,4
909,2236,3
910,6540,5
910,2346,3
910,5514,4
910,7073,4
910,2203,5
910,6652,5
910,2787,3
910,3235,3
910,2594,2
910,3617,2
910,1091,3
910,3498,5
910,3857,4
910,3237,5
910,2952,3
910,5545,3
910,2262,5
910,735,4
910,6335,5
910,4899,3
910,4176,3
910,1312,5
910,4113,5
910,843,3
910,3659,1
911,3780,3
911,6172,4
911,6351,3
911,6717,4
911,2112,3
911,6353,4
911,6230,4
911,321,2
911,6000,3
911,3121,4
911,1860,4
912,4708,5
912,4862,5
912,202,3
912,506,2
912,5899,5
912,6541,5
912,2934,3
912,6885,4
912,6867,3
912,1719,5
912,3272,3
912,5925,1
912,6283,5
912,3343,5
912,4919,5
912,1711,5
912,1590,5
912,1114,2
912,4035,4
912,3559,4
912,1888,2
912,1778,3
912,2112,5
912,1061,1
912,1224,5
912,4364,1
912,2907,3
912,5711,3
912,3278,5
912,1305,4
913,5134,4
913,4402,5
913,6641,4
913,4215,4
913,1724,4
913,4369,4
913,2301,4
913,3007,5
913,3265,4
913,5198,4
913,6275,4
913,675,5
913,1047,3
913,2949,5
913,5289,4
913,3988,2
913,4484,4
913,5127,4
913,103,5
913,2206,4
913,3807,4
913,1795,4
913,3603,1
913,827,3
913,4853,2
913,4290,5
913,6561,3
913,5823,5
913,5256,5
913,5130,4
914,2970,2
914,5052,4
914,1672,3
914,2155,2
914,5945,4
914,1087,5
914,4310,5
914,4555,4
914,1748,3
914,5207,4
914,6576,2
914,4687,4
914,311,1
914,1810,3
914,4941,4
914,3742,4
914,5026,5
914,4974,4
914,3839,4
914,5545,4
914,5506,1
914,4242,4
914,7065,3
914,1783,3
914,5551,4
914,1730,2
915,6789,3
915,4655,2
915,4726,4
915,5558,3
915,4357,2
915,3510,4
915,2020,5
915,1165,3
915,4583,4
915,4780,3
915,2935,4
915,5932,5
915,5043,3
915,729,4
915,5986,4
915,7,5
915,1893,3
915,4323,3
915,2743,4
916,6454,5
916,6095,2
916,2342,4
916,3397,5
916,2967,5
916,3567,5
916,6379,4
916,5427,4
916,5348,4
916,3014,5
916,1625,4
916,610,4
916,3849,5
916,476,3
916,4206,5
916,4018,3
916,1779,5
916,256,3
916,438,5
916,1225,4
917,1751,4
917,4902,3
917,535,5
917,3490,5
917,5468,4
917,3206,4
917,41,4
917,6528,4
917,786,4
917,4753,4
917,1014,4
917,273,3
917,4941,4
917,85,4
917,2476,2
917,4495,5
917,4254,4
917,3529,4
917,3246,4
917,5898,5
917,5957,3
917,187,5
917,6125,5
917,3623,4
917,1702,4
917,7035,4
917,6110,1
917,1263,4
918,6673,2
918,2022,5
918,5863,1
918,2227,3
918,3428,4
918,3566,5
918,4707,2
918,6843,3
918,2458,4
918,2088,5
918,4044,5
918,6494,4
918,1748,4
918,5641,5
918,1915,4
918,4420,3
918,3608,4
918,6292,3
918,4498,3
918,466,1
918,6096,5
918,6315,4
918,6442,4
918,5828,4
918,2667,4
919,473,3
919,1227,5
919,1963,4
919,369,4
919,4190,4
919,7049,3
919,4674,2
919,5283,5
919,4847,4
919,6788,4
919,5513,5
919,3194,4
919,2297,2
919,3221,4
919,6571,1
919,4982,3
919,5241,3
919,1354,4
919,2172,4
919,1821,1
920,4812,3
920,6573,2
920,480,3
920,1736,5
920,3907,3
920,3296,4
920,2126,4
920,3615,4
920,2262,5
920,3764,4
920,3525,4
920,6018,4
920,4774,5
920,1003,2
920,5382,4
920,6075,4
920,671,1
920,3490,5
920,664,2
921,4933,4
921,1815,5
921,1760,4
921,1775,5
921,3054,1
921,1073,5
921,6922,5
921,4454,2
921,3407,5
921,5854,5
921,5858,5
921,5419,2
921,3285,4
921,10,5
921,822,4
921,6675,4
921,1830,5
921,4223,5
921,2570,4
921,2585,4
921,6137,5
921,2,2
921,6278,5
921,7066,4
921,212,5
921,1370,1
922,2752,2
922,989,1
922,4715,1
922,777,3
922,5503,5
922,6659,4
922,6059,3
922,6640,3
922,4858,5
922,1823,5
922,6826,4
922,4721,5
922,3373,5
922,4360,5
922,3588,4
922,667,4
922,4109,5
922,3547,2
922,6512,4
922,5408,3
922,4034,4
923,6658,1
923,1150,2
923,608,5
923,6245,3
923,1595,5
923,2289,2
923,4722,5
923,2891,4
923,1336,4
923,1104,3
923,344,3
923,4608,4
923,7041,4
923,6321,4
923,6622,2
923,2172,4
924,3395,3
924,6463,4
924,6067,3
924,1075,2
924,5904,4
924,268,5
924,5322,2
924,1880,2
924,487,2
924,3181,5
924,4848,5
924,6800,5
924,3035,5
924,601,5
924,3517,4
925,1815,4
925,1602,5
925,485,5
925,1491,5
925,2658,5
925,2925,5
925,4781,5
925,6107,4
925,4161,4
925,6299,4
925,4057,4
925,4757,5
925,5903,4
925,1111,3
925,487,2
925,3515,2
925,6455,1
925,1234,3
925,1811,4
925,942,4
925,6477,4
925,2330,3
925,6684,2
925,5429,4
925,2792,4
925,4915,1
925,3526,3
925,4546,5
925,5391,4
926,4432,4
926,5746,3
926,617,4
926,5667,3
926,5006,3
926,4092,5
926,837,1
926,2102,4
926,312,4
926,6589,5
926,6344,5
927,284,5
927,3391,2
927,6780,2
927,1078,4
927,5671,1
927,3741,4
927,2148,4
927,2789,5
927,3263,4
927,3540,5
927,4867,3
927,4567,5
927,1805,4
927,5605,4
927,5064,3
927,5223,4
927,4475,4
927,6824,2
927,2853,4
927,4681,3
927,5356,1
927,332,4
927,3990,5
927,2112,3
927,1160,2
927,4983,5
928,1011,4
928,3845,2
928,2404,5
928,5507,4
928,5834,1
928,3074,3
928,4249,4
928,2622,2
928,4771,5
928,117,4
928,1103,4
928,6408,5
928,5622,5
928,3173,4
928,1060,4
928,4986,1
928,6607,4
928,3653,4
928,3179,5
928,694,5
928,990,5
928,6214,3
929,515,3
929,2981,5
929,6732,4
929,4073,1
929,1082,4
929,1689,5
929,710,4
929,5872,4
929,1208,4
929,2640,5
929,1212,4
929,2240,2
929,1468,5
929,1663,2
929,2786,5
930,5127,2
930,2948,3
930,5997,5
930,1865,1
930,2707,4
930,1631,5
930,6287,3
930,718,4
930,1543,3
930,5889,2
931,54,3
931,4952,4
931,697,5
931,1203,3
931,4740,1
931,2218,5
931,2114,5
931,6096,4
931,1853,3
931,5943,4
931,892,5
931,6494,3
931,6671,5
932,6836,5
932,3946,4
932,4847,4
932,6242,4
932,4456,5
932,1238,5
932,5645,4
932,2488,3
932,369,3
932,6195,5
932,1217,3
932,791,4
932,940,5
932,3498,5
932,4349,4
932,1206,3
932,1868,3
932,759,4
932,1777,4
932,4031,3
932,5101,5
932,4635,3
932,7090,2
932,5582,3
933,4114,3
933,4281,2
933,4367,5
933,1177,5
933,1600,4
933,6135,5
933,6202,4
933,4046,3
933,6749,5
933,5132,3
933,1221,4
933,2576,4
933,2546,4
933,2420,4
933,6126,4
933,1521,1
933,1050,3
933,5237,4
933,2637,4
934,5804,3
934,362,4
934,4360,5
934,1052,5
934,4426,4
934,4472,4
934,4056,3
934,2451,4
934,2629,5
934,5789,2
934,5704,2
934,6781,4
934,4100,1
934,3659,5
934,647,5
934,5922,5
934,5448,3
934,1059,5
934,455,3
934,5126,4
934,3871,2
934,2567,5
935,2272,4
935,2344,3
935,2912,3
935,1166,2
935,4840,5
935,6459,5
935,7104,2
935,4894,2
935,3128,5
935,2505,3
935,2887,5
935,5798,5
936,3693,4
936,1348,4
936,5097,4
936,3540,2
936,6897,4
936,5040,4
936,3828,5
936,233,4
936,755,4
936,206,5
936,6144,5
936,374,5
936,6113,2
936,1687,4
936,6486,4
936,5187,4
936,2478,3
936,1853,4
936,2412,5
936,2470,3
936,4913,2
936,4912,5
936,4065,4
936,2984,1
936,6053,5
936,5828,3
936,4446,3
936,5742,3
937,2633,1
937,2163,4
937,4560,4
937,335,5
937,3596,5
937,112,4
937,2374,1
937,3690,5
937,1693,4
937,5617,5
937,963,3
937,2557,5
937,5995,5
937,6044,2
937,4303,5
937,1788,5
937,6533,4
937,3246,2
937,4551,4
937,3795,5
937,2536,5
937,3766,4
937,3863,5
937,5923,4
937,7032,4
937,4066,5
937,2095,5
937,52,2
937,3760,3
938,4904,5
938,1687,5
938,1618,4
938,6967,5
938,90,1
938,2452,3
938,5913,4
938,6383,3
938,2950,3
938,5274,3
938,4802,5
938,6869,3
938,3529,3
938,4668,5
938,1360,3
938,5425,5
939,750,4
939,921,5
939,4266,3
939,5388,4
939,2533,4
939,7046,4
939,6539,2
939,3547,4
939,2879,3
939,803,3
939,1261,4
939,2141,5
939,1485,4
939,969,4
939,238,4
939,3185,5
939,6138,3
939,1925,4
939,3831,4
939,4565,5
939,5588,5
939,723,3
939,3881,5
939,6202,3
939,5796,4
939,155,3
939,2514,4
940,3274,3
940,3778,5
940,3503,5
940,4257,1
940,4033,4
940,3901,4
940,3998,3
940,2999,4
940,4652,4
940,1717,2
940,2956,3
940,6457,4
940,4579,4
940,3482,4
940,589,4
940,1709,4
940,6827,1
940,6353,2
940,2528,2
940,731,4
940,3977,3
940,2104,4
940,4879,1
940,597,3
940,4790,5
941,2057,5
941,4091,5
941,5066,1
941,1280,5
941,6210,5
941,611,4
941,2142,4
941,4792,2
941,4945,5
941,104,4
941,712,4
941,20,5
941,7077,4
941,5948,4
941,4297,4
941,3225,4
941,796,3
941,6555,4
941,3149,5
941,6367,4
941,6711,4
941,6744,1
941,2048,3
942,3752,5
942,1484,5
942,3541,4
942,2503,4
942,1832,4
942,5526,5
942,1420,4
942,468,5
942,2980,4
942,4169,3
942,6540,5
942,3169,4
942,4649,1
942,4635,2
942,3594,3
942,1296,4
943,6828,5
943,3821,4
943,5537,4
943,4088,4
943,1684,4
943,5122,4
943,6622,4
943,1498,4
943,5981,5
943,6854,1
943,6963,5
943,3389,3
943,37,4
944,2840,3
944,4103,5
944,3100,2
944,3922,4
944,7061,3
944,6798,4
944,6699,4
944,6804,4
944,4842,5
944,2403,5
944,6793,4
944,1741,5
944,5708,5
944,1593,5
944,7007,4
944,3364,4
945,3154,3
945,5071,1
945,2124,4
945,6711,3
945,4778,5
945,5185,3
945,2171,4
945,3625,4
945,6099,1
945,641,5
945,2857,4
945,2896,5
945,6897,4
945,5147,3
945,6628,3
945,6047,4
945,1954,3
945,2253,1
945,6993,4
945,3631,5
945,2070,3
945,7074,5
946,6331,4
946,3948,4
946,4300,3
946,59,5
946,3068,2
946,1880,4
946,4358,4
946,1768,5
946,1627,4
946,5975,4
946,4371,3
947,3888,5
947,1813,4
947,3756,3
947,1712,5
947,453,3
947,6577,1
947,2251,2
947,715,5
947,2881,5
947,10,4
948,1887,5
948,4366,3
948,3702,5
948,5174,4
948,4763,3
948,3537,3
948,1687,2
948,1655,2
948,2386,5
948,3232,4
948,3827,5
948,2303,2
948,5306,5
948,3498,1
948,2182,4
948,5666,4
948,6460,4
948,3228,4
948,7075,4
948,6107,4
948,305,2
948,2028,3
948,1789,4
948,6969,4
948,7021,4
948,1118,4
949,1656,1
949,4246,5
949,1608,3
949,1933,5
949,7070,4
949,6836,3
949,177,1
949,3498,5
949,714,1
949,2159,4
949,2061,4
949,1760,3
949,2633,5
949,3663,2
949,7063,2
949,5368,5
949,3040,4
949,2208,4
949,5782,2
949,3875,3
949,4326,3
949,4833,5
949,1723,4
949,7004,2
949,2796,3
950,1043,4
950,1536,5
950,4030,5
950,3782,3
950,2077,4
950,2981,4
950,4900,1
950,5280,5
950,4818,4
950,4267,5
950,2437,4
950,5506,2
950,839,1
951,6922,3
951,5252,5
951,2976,5
951,975,3
951,245,4
951,6706,5
951,3500,4
951,2189,4
951,334,5
951,4062,4
951,293,4
951,3727,1
951,4323,3
951,1679,3
951,6236,2
951,4406,3
951,5576,2
951,5287,1
951,2468,2
951,3615,4
951,4349,5
951,5986,4
952,6582,5
952,2099,5
952,2012,4
952,6056,1
952,677,5
952,3506,5
952,4034,1
952,6096,4
952,4253,4
952,2667,1
952,6112,5
952,5113,3
952,4117,4
952,6788,4
952,2187,2
952,2138,5
952,2188,3
952,341,5
952,4512,4
952,4603,5
952,5398,4
952,4690,4
953,3294,5
953,3121,4
953,1604,3
953,1793,3
953,174,2
953,4918,5
953,6738,4
953,1352,4
953,2014,2
953,2934,5
953,6960,3
953,3273,1
953,2888,2
953,2168,2
953,26,5
953,2005,2
953,240,1
953,3605,5
953,4892,5
953,5264,5
953,4859,2
953,961,5
953,6580,3
953,2893,5
953,2254,5
953,6595,1
953,6511,3
953,6894,5
953,492,5
954,2435,5
954,4347,3
954,2358,4
954,5806,3
954,3672,5
954,1781,4
954,4228,2
954,2940,3
954,3632,2
954,6197,4
954,6754,5
954,3976,5
954,4915,4
954,3662,3
954,1675,2
954,4807,4
954,6646,5
954,4304,4
954,6131,3
954,1231,4
954,2219,4
955,6340,5
955,4324,3
955,6417,4
955,4308,4
955,5418,4
955,5929,3
955,649,5
955,2756,5
955,2772,4
955,4847,3
955,336,5
955,1996,5
955,439,5
955,4204,5
955,1015,4
955,4711,2
955,3467,3
955,5963,4
955,5953,3
955,6982,3
955,6804,3
955,5083,4
955,2689,5
956,2958,5
956,2839,4
956,6421,4
956,2886,4
956,4926,4
956,5716,5
956,6552,4
956,6337,5
956,1723,2
956,3016,3
956,7052,4
956,2724,5
956,4164,5
956,4184,5
956,637,3
956,7035,4
956,507,4
956,4159,1
956,6198,2
956,5831,3
956,1098,3
956,5439,4
956,1249,5
956,3658,4
956,3593,3
956,6356,4
956,2701,4
956,2457,5
956,3662,5
957,3574,3
957,3492,4
957,1086,3
957,1617,5
957,5552,5
957,4617,5
957,2792,4
957,6456,3
957,3455,5
957,5398,1
957,6925,3
957,4002,5
957,961,5
958,4020,4
958,1208,3
958,5566,4
958,3954,5
958,3254,5
958,2952,2
958,1616,3
958,6596,4
958,514,4
958,2318,5
958,6693,4
958,3013,4
958,927,3
958,5680,5
959,6565,4
959,1534,1
959,1007,5
959,3473,5
959,4573,2
959,5435,4
959,1758,5
959,1667,2
959,3055,3
959,6507,4
959,5390,4
959,3962,3
959,5729,4
959,7050,3
959,6261,3
959,3396,4
959,3397,4
959,4169,4
959,442,3
959,4591,4
959,6720,5
959,6408,5
959,5019,4
960,561,4
960,5474,5
960,5570,3
960,3442,2
960,295,2
960,4288,5
960,4716,3
960,4240,3
960,4146,3
960,4475,1
960,2869,5
960,5293,4
960,5564,5
960,200,5
960,720,5
960,273,4
960,3019,4
961,1515,5
961,19,5
961,5453,2
961,5481,4
961,1934,3
961,4451,3
961,4591,5
961,5212,4
961,3666,2
961,4249,5
961,1389,5
962,3311,4
962,2035,2
962,6125,5
962,2236,3
962,6908,5
962,6589,3
962,1106,4
962,6055,3
962,64,4
962,4453,3
962,1905,4
962,2449,5
962,4198,4
962,5729,4
962,759,5
962,1520,3
962,2408,2
962,1526,4
962,6085,4
962,6274,5
962,3315,3
962,3563,4
962,2392,3
963,4312,4
963,3652,4
963,5437,3
963,723,3
963,2506,5
963,2107,4
963,3145,5
963,6680,4
963,4995,1
963,1779,4
963,6497,4
963,4661,4
963,5051,5
963,5760,4
963,2743,4
963,2042,4
963,752,5
963,6638,2
963,2679,5
963,2705,4
963,6619,4
963,3581,5
964,6402,4
964,6477,2
964,1195,4
964,1990,4
964,5447,3
964,6325,5
964,5324,4
964,5162,3
964,5288,4
964,1117,2
964,2181,3
964,3143,3
964,4589,4
964,4019,4
964,1125,5
964,1521,3
964,429,5
964,1855,4
964,3831,4
964,1702,4
964,1887,5
964,3981,4
964,5791,5
964,4571,4
964,6336,4
964,2210,1
964,436,5
964,3168,3
965,3240,3
965,5219,1
965,6132,4
965,3923,3
965,5338,4
965,3476,3
965,2139,3
965,5235,3
965,2092,1
965,4928,3
965,2162,2
965,1759,4
965,3393,4
965,1836,3
966,7089,4
966,3020,4
966,1124,5
966,415,4
966,2044,4
966,2668,3
966,678,3
966,5173,5
966,4705,3
966,759,4
966,4682,4
966,4322,5
966,2847,5
967,5812,1
967,4609,3
967,4101,3
967,3897,4
967,3467,1
967,3364,1
967,5818,5
967,1677,5
967,1525,4
967,6997,2
967,4013,5
967,5501,1
967,4841,4
967,5667,2
967,5870,2
968,2863,4
968,3761,5
968,6869,4
968,5360,4
968,6377,2
968,6827,2
968,2420,3
968,4754,3
968,6814,5
968,6280,5
968,3329,1
968,2964,5
968,5063,1
968,4903,4
968,171,5
968,2734,5
968,6940,4
968,1087,3
969,629,1
969,88,3
969,4877,4
969,6153,4
969,1254,3
969,1146,2
969,890,4
969,3288,4
969,4503,4
969,4814,1
969,3733,3
969,2355,4
969,2778,5
969,6582,5
969,1647,3
969,6742,1
969,3767,5
969,903,3
969,2314,3
969,3661,3
969,1959,4
969,6835,5
969,1269,5
970,3319,4
970,5153,1
970,3875,4
970,6122,3
970,470,5
970,1179,5
970,3724,5
970,5931,2
970,2572,4
970,923,5
970,63,4
970,2918,4
970,6130,3
970,6925,3
970,6897,3
970,5613,5
970,3576,3
971,6227,4
971,5703,2
971,1895,4
971,136,3
971,5158,2
971,7086,2
971,3035,4
971,2233,1
971,4339,3
971,2309,4
971,6013,3
971,4773,5
971,5741,5
971,2618,4
971,670,4
971,3429,5
971,2710,4
972,5904,5
972,282,2
972,2495,4
972,563,3
972,7013,4
972,6347,4
972,5344,3
972,530,5
972,2645,3
972,5817,3
972,2496,3
972,4459,5
972,4132,4
972,268,3
973,5738,3
973,433,2
973,23,5
973,4732,3
973,6714,5
973,4425,4
973,2308,4
973,979,4
973,3322,5
973,6316,5
973,2158,5
973,1911,4
973,3693,4
973,3677,4
973,270,4
973,5241,5
973,5298,4
973,1201,4
973,785,2
973,6441,4
973,3788,4
973,87,1
973,6786,4
973,6116,4
974,5647,4
974,6342,5
974,4610,3
974,1957,5
974,250,2
974,6254,4
974,5746,5
974,566,4
974,468,4
974,5616,1
974,2843,4
974,5907,5
974,2974,5
974,6760,1
974,4830,4
974,687,5
974,6344,4
975,6783,5
975,1222,4
975,6062,5
975,2736,3
975,4677,2
975,1659,5
975,6888,3
975,3019,2
975,3826,4
975,175,3
975,5439,1
975,4075,2
975,6983,5
975,3130,4
975,7086,4
975,3020,5
975,54,5
975,4723,2
975,2137,4
975,3210,5
975,1473,1
976,216,4
976,4967,5
976,6454,2
976,1804,4
976,3571,1
976,6868,3
976,26,2
976,4813,4
976,5319,4
976,557,4
976,4829,3
976,2280,5
976,6916,4
977,3783,5
977,3808,5
977,6744,3
977,4021,1
977,6972,4
977,4061,3
977,6429,3
977,407,4
977,693,4
977,2273,5
977,5497,4
977,4822,5
977,3802,5
977,1098,2
977,5715,4
977,3159,5
977,4149,5
977,1060,5
977,823,4
977,861,3
977,4613,5
977,2751,5
977,3496,5
977,5304,4
977,5374,5
977,6331,5
978,1431,4
978,2881,5
978,367,3
978,399,4
978,4063,3
978,2923,5
978,867,4
978,3476,4
978,3825,4
978,6119,3
978,2176,4
978,6639,3
978,5918,3
978,4300,4
978,3408,4
978,5234,4
978,3873,2
978,1549,4
978,2974,5
978,4434,5
978,988,4
978,4513,2
978,1070,4
978,5986,3
978,925,4
978,4014,2
978,5955,4
978,4068,4
978,2147,4
979,3442,5
979,4794,4
979,4712,3
979,1549,5
979,1727,3
979,3027,4
979,1957,2
979,5556,4
979,307,3
979,1743,4
979,5137,4
979,625,4
979,2009,2
979,6264,3
979,4547,3
979,3918,4
979,4561,4
979,1775,3
979,324,5
979,2629,2
979,5254,3
979,3222,5
979,4344,5
979,1086,2
979,4223,3
979,6535,4
979,6046,4
979,5928,4
980,6498,4
980,2001,5
980,4650,4
980,5333,3
980,2268,5
980,5616,4
980,5908,4
980,6644,4
980,6913,5
980,3599,2
981,1669,4
981,607,5
981,1028,2
981,5483,5
981,2467,3
981,1734,4
981,2472,4
981,5248,5
981,2615,3
981,1690,4
981,2865,5
981,2028,4
981,4119,4
981,5698,4
981,626,5
981,562,3
981,5651,3
981,2706,2
981,4054,4
982,39,3
982,6607,5
982,4266,5
982,4399,4
982,2583,3
982,2658,3
982,135,3
982,3274,4
982,4690,2
982,6217,5
982,2230,2
982,1866,4
982,6340,2
982,4744,4
982,5269,4
982,2233,4
982,2179,5
982,6568,4
982,869,2
982,495,5
982,6437,5
982,5872,5
982,552,4
982,128,4
983,1721,4
983,4330,5
983,2512,5
983,6525,3
983,4118,5
983,5195,4
983,635,4
983,825,3
983,730,5
983,2661,5
983,5870,3
983,4091,5
983,307,1
983,7004,3
983,1545,2
983,2454,3
983,3752,5
983,3026,5
983,3240,4
983,435,4
984,5436,3
984,2047,4
984,4666,5
984,2330,5
984,32,5
984,4015,5
984,6852,5
984,7045,3
984,682,4
984,6150,5
984,3643,2
984,2016,2
984,5459,5
984,2417,5
985,6989,4
985,630,4
985,421,4
985,3616,1
985,4735,4
985,6338,4
985,2928,4
985,887,2
985,3204,5
985,1555,5
985,2763,3
985,1093,3
985,610,4
985,2127,4
985,5180,4
985,6246,5
985,6046,2
985,699,3
985,6063,5
985,1452,5
985,3,2
985,1396,5
985,1355,4
985,2384,5
985,5186,4
985,874,4
986,810,4
986,5463,5
986,3057,3
986,5955,2
986,3878,2
986,4495,1
986,1396,2
986,4635,5
986,487,5
986,5766,4
986,2696,4
986,1455,4
986,6043,3
986,6578,2
986,2490,5
986,4854,4
986,1460,3
986,1394,5
986,701,5
986,6671,5
986,4791,1
986,7067,4
986,951,5
986,5268,3
986,5616,4
986,840,4
986,5328,3
986,2319,3
986,1310,4
987,4206,3
987,4264,3
987,3203,4
987,3303,2
987,2981,5
987,5113,3
987,2435,5
987,4454,5
987,607,4
987,5660,1
987,4443,2
987,1203,3
987,3795,4
987,1528,5
987,6547,3
987,4914,4
987,1020,5
987,2025,4
987,5423,3
987,3158,5
987,3744,3
987,5472,4
987,2678,5
987,4969,5
987,833,5
987,3410,2
988,3232,3
988,1426,4
988,3219,5
988,3904,5
988,6829,4
988,669,1
988,5158,5
988,1988,4
988,6392,5
988,1295,4
988,82,4
988,1142,4
988,2565,4
988,2022,4
988,6840,4
988,6206,5
988,2073,4
988,1301,4
989,2477,5
989,424,4
989,4416,2
989,5740,4
989,7087,5
989,4089,5
989,3987,5
989,7071,4
989,1098,5
989,614,3
989,325,4
989,3676,5
989,5327,3
989,2769,3
989,1462,3
989,6500,5
989,2392,4
989,6904,5
989,5637,5
989,167,4
989,1975,3
989,6820,3
989,1791,5
989,5725,4
989,293,5
990,4758,4
990,4513,5
990,2613,4
990,5728,5
990,1517,4
990,1798,4
990,4551,4
990,5386,4
990,847,5
990,6594,5
990,4516,3
990,1386,4
990,6512,3
990,4188,5
990,4723,4
990,1562,4
990,3123,2
991,4932,5
991,3008,1
991,4741,4
991,1927,1
991,579,4
991,6722,5
991,660,5
991,5943,4
991,3492,4
991,5584,4
991,4739,5
991,4859,4
991,1532,5
991,5525,4
991,662,4
991,5331,5
991,1566,4
991,2611,5
991,2043,3
991,2559,5
991,5792,5
991,3830,5
991,5897,4
991,467,4
991,2835,5
991,56,4
991,6677,5
991,3844,3
991,7001,3
992,4773,4
992,2726,4
992,2757,5
992,825,5
992,1606,5
992,6693,1
992,6931,4
992,6754,3
992,1547,2
992,5799,3
992,283,5
992,6082,5
992,2682,3
992,5016,5
992,551,5
992,2875,1
992,2409,5
992,788,5
992,4766,3
992,3387,4
992,1705,4
993,1152,5
993,1943,3
993,2136,5
993,1100,4
993,3439,3
993,7095,5
993,5751,2
993,3988,4
993,6908,4
993,4115,5
993,6445,5
993,6634,5
993,3818,4
993,323,4
994,2894,3
994,7051,4
994,2516,3
994,5527,5
994,3630,5
994,6076,3
994,5586,2
994,6976,4
994,6136,5
994,2622,3
994,1138,5
994,6726,5
994,983,5
994,578,4
994,1320,3
994,3614,3
994,6137,5
995,6401,5
995,4763,4
995,2125,5
995,5515,2
995,6803,4
995,215,3
995,219,5
995,1924,1
995,6668,2
995,4362,1
995,782,4
995,4173,5
995,6563,2
995,153,4
995,1994,4
995,5775,4
995,3420,5
995,2439,3
995,4482,5
995,3049,3
996,4701,1
996,3917,5
996,7060,1
996,6996,1
996,88,3
996,1717,3
996,5445,3
996,1051,4
996,168,5
996,2294,4
996,1537,3
996,5277,1
996,2550,4
996,5441,5
996,4059,2
996,2095,4
996,1745,4
996,5932,4
996,1678,4
996,2513,5
996,2502,5
996,1062,4
996,855,4
996,355,4
996,3369,5
996,2959,2
996,543,4
996,368,5
996,6592,5
997,4768,2
997,4540,5
997,4069,3
997,5859,4
997,4536,4
997,6954,3
997,6743,3
997,3718,4
997,4023,1
997,3469,4
997,3900,4
997,6025,3
997,3587,5
997,3039,4
997,7084,4
997,520,5
997,1783,4
997,4096,5
997,3935,5
997,3806,3
997,5376,2
997,626,4
997,1055,4
997,6470,4
997,1745,5
997,4968,4
997,4399,5
998,2031,4
998,5131,5
998,5191,2
998,6515,5
998,876,4
998,2849,3
998,3968,4
998,6593,2
998,2613,4
998,4177,3
998,2715,3
999,6284,4
999,1929,4
999,4780,2
999,1496,2
999,3670,4
999,664,4
999,5523,5
999,4616,3
999,2590,4
999,2061,3
999,254,2
999,3363,5
999,1866,4
999,4231,4
999,2572,5
999,6942,5
1000,2187,5
1000,2313,3
1000,6220,5
1000,6958,5
1000,295,5
1000,3687,5
1000,6216,5
1000,4228,1
1000,5801,1
1000,4861,5
1000,5550,4
1000,3384,1
1000,3735,3
1000,3833,5
1000,5722,4
1000,4123,4
1000,4305,5
1000,4407,5
1000,6574,5
1000,4815,3
